54, 62, 0, negative
49, 61, 0, negative
43, 63, 2, negative
59, 64, 4, negative
68, 67, 0, negative
77, 65, 3, negative
35, 64, 13, negative
39, 58, 0, negative
69, 67, 8, positive
61, 62, 5, positive
60, 65, 0, positive
46, 62, 0, negative
55, 69, 3, negative
51, 64, 7, negative
71, 68, 2, negative
42, 59, 2, negative
62, 59, 13, positive
41, 60, 23, positive
50, 59, 0, negative
64, 66, 0, negative
41, 64, 0, positive
38, 62, 3, negative
52, 68, 0, negative
47, 58, 3, negative
47, 66, 12, negative
57, 62, 0, negative
56, 66, 1, negative
46, 58, 2, positive
51, 59, 1, negative
70, 58, 4, positive
57, 62, 14, positive
57, 61, 0, negative
37, 60, 15, negative
37, 60, 0, negative
48, 62, 2, negative
64, 65, 22, negative
83, 58, 2, positive
52, 62, 3, positive
38, 60, 0, negative
47, 63, 23, positive
55, 67, 1, negative
43, 64, 3, negative
34, 61, 10, negative
50, 61, 6, negative
46, 62, 5, positive
59, 63, 0, negative
60, 64, 0, negative
60, 59, 17, positive
44, 61, 0, negative
78, 65, 1, positive
54, 69, 7, negative
66, 61, 13, positive
41, 59, 8, negative
38, 66, 11, negative
57, 67, 0, negative
69, 65, 0, negative
54, 60, 3, negative
50, 61, 0, negative
47, 66, 0, negative
63, 62, 0, negative
42, 61, 4, negative
45, 66, 0, positive
63, 60, 1, positive
53, 58, 4, positive
74, 65, 3, positive
70, 58, 0, positive
50, 63, 13, positive
62, 65, 19, positive
56, 65, 9, positive
50, 64, 0, positive
51, 59, 3, positive
45, 67, 1, positive
39, 66, 0, positive
42, 59, 0, positive
62, 58, 0, positive
65, 61, 2, positive
53, 59, 3, positive
41, 67, 0, positive
54, 65, 5, positive
44, 58, 9, positive
48, 67, 7, positive
34, 59, 0, positive
72, 63, 0, positive
52, 59, 2, positive
46, 65, 20, positive
54, 65, 23, positive
34, 66, 9, positive
66, 58, 0, positive
42, 69, 1, positive
51, 59, 13, positive
49, 64, 10, positive
59, 62, 35, positive
49, 63, 0, positive
61, 68, 1, positive
53, 65, 1, positive
55, 68, 15, positive
65, 66, 15, positive
57, 61, 5, positive
54, 60, 11, positive
67, 64, 8, positive
48, 58, 11, positive
67, 63, 1, positive
54, 68, 7, positive
47, 62, 0, positive
65, 58, 0, positive
43, 64, 0, positive
44, 64, 6, positive
53, 60, 9, positive
48, 58, 11, positive
46, 69, 3, positive
38, 69, 21, positive
45, 65, 6, positive
65, 62, 22, positive
56, 66, 3, positive
53, 65, 12, positive
43, 64, 0, positive
47, 65, 0, positive
61, 65, 0, positive
55, 63, 6, positive
43, 59, 2, positive
43, 58, 52, positive
52, 69, 3, positive
53, 63, 24, positive
44, 63, 19, positive
57, 64, 1, positive
52, 66, 4, positive
