53, 60, 2, negative
47, 68, 4, negative
56, 67, 0, negative
64, 58, 0, negative
55, 69, 22, negative
61, 65, 8, negative
64, 68, 0, negative
54, 62, 0, negative
44, 61, 0, negative
49, 61, 0, negative
55, 58, 1, negative
43, 63, 14, negative
42, 60, 1, negative
34, 60, 0, negative
43, 63, 2, negative
59, 64, 4, negative
63, 61, 0, negative
68, 67, 0, negative
42, 62, 20, negative
54, 59, 7, negative
77, 65, 3, negative
60, 61, 1, negative
58, 59, 0, negative
58, 61, 1, negative
72, 67, 3, negative
35, 64, 13, negative
39, 58, 0, negative
62, 62, 6, negative
61, 68, 0, negative
76, 67, 0, negative
30, 65, 0, negative
50, 64, 0, negative
45, 60, 0, negative
46, 62, 0, negative
55, 69, 3, negative
49, 61, 1, negative
38, 66, 0, negative
51, 64, 7, negative
54, 63, 19, negative
62, 66, 0, negative
55, 58, 0, negative
40, 58, 2, negative
67, 66, 0, negative
53, 61, 1, negative
51, 66, 1, negative
55, 58, 1, negative
54, 66, 0, negative
70, 59, 8, negative
71, 68, 2, negative
62, 58, 0, negative
30, 62, 3, negative
59, 67, 3, negative
61, 59, 0, negative
67, 66, 0, negative
67, 65, 0, negative
42, 59, 2, negative
51, 65, 0, negative
52, 60, 5, negative
30, 64, 1, negative
39, 59, 2, negative
65, 67, 0, negative
67, 61, 0, negative
57, 64, 0, negative
50, 59, 0, negative
64, 66, 0, negative
44, 67, 16, negative
38, 62, 3, negative
52, 68, 0, negative
49, 67, 1, negative
56, 66, 2, negative
47, 58, 3, negative
59, 60, 0, negative
47, 66, 12, negative
36, 60, 1, negative
57, 62, 0, negative
45, 67, 0, negative
66, 68, 0, negative
65, 59, 2, negative
56, 66, 1, negative
38, 67, 5, negative
51, 59, 1, negative
52, 64, 0, negative
48, 64, 0, negative
46, 63, 0, negative
36, 69, 0, negative
42, 58, 0, negative
46, 58, 3, negative
58, 60, 3, negative
57, 69, 0, negative
58, 58, 3, negative
41, 69, 8, negative
31, 65, 4, negative
62, 66, 0, negative
49, 62, 0, negative
66, 58, 0, negative
57, 61, 0, negative
37, 60, 15, negative
50, 58, 1, negative
50, 61, 0, negative
37, 63, 0, negative
40, 65, 0, negative
34, 58, 30, negative
37, 60, 0, negative
48, 62, 2, negative
45, 64, 0, negative
50, 66, 1, negative
64, 65, 22, negative
33, 58, 10, negative
50, 59, 2, negative
57, 63, 0, negative
53, 60, 1, negative
38, 60, 0, negative
52, 69, 0, negative
39, 67, 0, negative
38, 64, 1, negative
40, 58, 0, negative
59, 64, 0, negative
64, 61, 0, negative
57, 64, 9, negative
39, 63, 0, negative
31, 59, 2, negative
48, 66, 0, negative
72, 58, 0, negative
47, 61, 0, negative
38, 60, 0, negative
53, 58, 1, negative
70, 67, 0, negative
41, 64, 0, negative
63, 61, 28, negative
69, 60, 0, negative
41, 65, 0, negative
55, 67, 1, negative
63, 63, 0, negative
43, 64, 3, negative
54, 67, 46, negative
34, 61, 10, negative
50, 61, 6, negative
70, 63, 0, negative
44, 63, 1, negative
69, 66, 0, negative
47, 60, 4, negative
47, 67, 0, negative
65, 67, 1, negative
34, 60, 1, negative
75, 62, 1, negative
33, 60, 0, negative
59, 63, 0, negative
60, 64, 0, negative
44, 61, 0, negative
45, 67, 1, negative
70, 66, 14, negative
56, 60, 0, negative
54, 69, 7, negative
43, 65, 0, negative
65, 64, 0, negative
66, 58, 1, negative
48, 61, 8, negative
43, 60, 0, negative
61, 59, 0, negative
41, 59, 8, negative
37, 63, 0, negative
54, 62, 0, negative
70, 68, 0, negative
38, 66, 11, negative
57, 67, 0, negative
50, 63, 1, negative
61, 64, 0, negative
69, 65, 0, negative
47, 63, 6, negative
38, 60, 1, negative
54, 60, 3, negative
50, 61, 0, negative
45, 68, 0, negative
61, 59, 0, negative
63, 66, 0, negative
58, 58, 0, negative
54, 58, 1, negative
47, 66, 0, negative
63, 62, 0, negative
42, 61, 4, negative
