<MinutiaeList>
  <Minutia X="461" Y="407" Angle="53.0" Type="Bifurcation" />
  <Minutia X="416" Y="415" Angle="17.0" Type="End" />
  <Minutia X="401" Y="528" Angle="12.0" Type="End" />
  <Minutia X="353" Y="499" Angle="354.0" Type="Bifurcation" />
  <Minutia X="370" Y="477" Angle="348.0" Type="End" />
  <Minutia X="392" Y="458" Angle="342.0" Type="End" />
  <Minutia X="330" Y="480" Angle="333.0" Type="Bifurcation" />
  <Minutia X="333" Y="450" Angle="317.0" Type="End" />
  <Minutia X="373" Y="462" Angle="315.0" Type="End" />
  <Minutia X="361" Y="459" Angle="309.0" Type="Bifurcation" />
  <Minutia X="405" Y="416" Angle="302.0" Type="End" />
  <Minutia X="336" Y="410" Angle="295.0" Type="Bifurcation" />
  <Minutia X="319" Y="284" Angle="297.0" Type="Bifurcation" />
  <Minutia X="392" Y="423" Angle="288.0" Type="Bifurcation" />
  <Minutia X="340" Y="324" Angle="291.0" Type="Bifurcation" />
  <Minutia X="380" Y="385" Angle="289.0" Type="End" />
  <Minutia X="407" Y="397" Angle="275.0" Type="Bifurcation" />
  <Minutia X="466" Y="422" Angle="238.0" Type="End" />
  <Minutia X="444" Y="407" Angle="235.0" Type="End" />
  <Minutia X="488" Y="438" Angle="223.0" Type="End" />
  <Minutia X="454" Y="456" Angle="200.0" Type="End" />
  <Minutia X="324" Y="348" Angle="117.0" Type="End" />
  <Minutia X="390" Y="349" Angle="106.0" Type="End" />
  <Minutia X="424" Y="358" Angle="99.0" Type="Bifurcation" />
</MinutiaeList>