<MinutiaeList>
  <Minutia X="393" Y="355" Angle="89.0" Type="End" />
  <Minutia X="335" Y="303" Angle="86.0" Type="End" />
  <Minutia X="326" Y="343" Angle="83.0" Type="Bifurcation" />
  <Minutia X="424" Y="317" Angle="75.0" Type="End" />
  <Minutia X="455" Y="385" Angle="76.0" Type="End" />
  <Minutia X="396" Y="303" Angle="69.0" Type="Bifurcation" />
  <Minutia X="463" Y="347" Angle="62.0" Type="Bifurcation" />
  <Minutia X="396" Y="245" Angle="57.0" Type="End" />
  <Minutia X="435" Y="228" Angle="47.0" Type="End" />
  <Minutia X="365" Y="231" Angle="31.0" Type="Bifurcation" />
  <Minutia X="323" Y="232" Angle="14.0" Type="End" />
  <Minutia X="323" Y="207" Angle="6.0" Type="End" />
  <Minutia X="288" Y="487" Angle="354.0" Type="End" />
  <Minutia X="291" Y="199" Angle="348.0" Type="End" />
  <Minutia X="438" Y="519" Angle="346.0" Type="End" />
  <Minutia X="241" Y="415" Angle="334.0" Type="End" />
  <Minutia X="300" Y="275" Angle="332.0" Type="Bifurcation" />
  <Minutia X="411" Y="524" Angle="330.0" Type="End" />
  <Minutia X="234" Y="412" Angle="316.0" Type="End" />
  <Minutia X="458" Y="507" Angle="318.0" Type="End" />
  <Minutia X="401" Y="501" Angle="316.0" Type="End" />
  <Minutia X="305" Y="451" Angle="311.0" Type="End" />
  <Minutia X="449" Y="489" Angle="304.0" Type="End" />
  <Minutia X="466" Y="479" Angle="303.0" Type="End" />
  <Minutia X="253" Y="370" Angle="289.0" Type="End" />
  <Minutia X="235" Y="374" Angle="282.0" Type="Bifurcation" />
  <Minutia X="235" Y="340" Angle="284.0" Type="Bifurcation" />
  <Minutia X="339" Y="378" Angle="274.0" Type="End" />
  <Minutia X="232" Y="395" Angle="275.0" Type="End" />
  <Minutia X="330" Y="381" Angle="264.0" Type="Bifurcation" />
  <Minutia X="357" Y="328" Angle="258.0" Type="Bifurcation" />
  <Minutia X="377" Y="218" Angle="195.0" Type="End" />
  <Minutia X="312" Y="194" Angle="167.0" Type="End" />
  <Minutia X="314" Y="270" Angle="136.0" Type="Bifurcation" />
  <Minutia X="271" Y="359" Angle="114.0" Type="End" />
  <Minutia X="381" Y="417" Angle="109.0" Type="End" />
  <Minutia X="378" Y="365" Angle="105.0" Type="Bifurcation" />
  <Minutia X="309" Y="364" Angle="96.0" Type="End" />
  <Minutia X="315" Y="320" Angle="93.0" Type="Bifurcation" />
  <Minutia X="468" Y="419" Angle="90.0" Type="End" />
</MinutiaeList>