<MinutiaeList>
  <Minutia X="421" Y="445" Angle="77.0" Type="End" />
  <Minutia X="414" Y="409" Angle="71.0" Type="End" />
  <Minutia X="476" Y="336" Angle="67.0" Type="End" />
  <Minutia X="444" Y="296" Angle="40.0" Type="End" />
  <Minutia X="378" Y="258" Angle="352.0" Type="Bifurcation" />
  <Minutia X="497" Y="454" Angle="243.0" Type="Bifurcation" />
  <Minutia X="502" Y="345" Angle="247.0" Type="End" />
  <Minutia X="473" Y="303" Angle="221.0" Type="End" />
  <Minutia X="457" Y="324" Angle="214.0" Type="End" />
  <Minutia X="435" Y="302" Angle="203.0" Type="End" />
  <Minutia X="421" Y="376" Angle="192.0" Type="Bifurcation" />
  <Minutia X="417" Y="322" Angle="187.0" Type="End" />
  <Minutia X="427" Y="276" Angle="187.0" Type="End" />
  <Minutia X="363" Y="362" Angle="110.0" Type="End" />
  <Minutia X="382" Y="366" Angle="103.0" Type="Bifurcation" />
</MinutiaeList>