<MinutiaeList>
  <Minutia X="550" Y="423" Angle="81.0" Type="Bifurcation" />
  <Minutia X="560" Y="420" Angle="71.0" Type="End" />
  <Minutia X="576" Y="402" Angle="67.0" Type="End" />
  <Minutia X="594" Y="389" Angle="55.0" Type="End" />
  <Minutia X="521" Y="311" Angle="50.0" Type="End" />
  <Minutia X="635" Y="626" Angle="5.0" Type="End" />
  <Minutia X="642" Y="609" Angle="355.0" Type="End" />
  <Minutia X="548" Y="611" Angle="357.0" Type="Bifurcation" />
  <Minutia X="622" Y="591" Angle="349.0" Type="End" />
  <Minutia X="517" Y="600" Angle="352.0" Type="End" />
  <Minutia X="281" Y="567" Angle="354.0" Type="End" />
  <Minutia X="624" Y="563" Angle="348.0" Type="Bifurcation" />
  <Minutia X="380" Y="522" Angle="339.0" Type="End" />
  <Minutia X="285" Y="489" Angle="342.0" Type="End" />
  <Minutia X="585" Y="568" Angle="337.0" Type="End" />
  <Minutia X="556" Y="559" Angle="335.0" Type="End" />
  <Minutia X="518" Y="585" Angle="336.0" Type="End" />
  <Minutia X="246" Y="477" Angle="333.0" Type="End" />
  <Minutia X="441" Y="536" Angle="325.0" Type="Bifurcation" />
  <Minutia X="533" Y="569" Angle="322.0" Type="End" />
  <Minutia X="505" Y="570" Angle="323.0" Type="End" />
  <Minutia X="476" Y="571" Angle="317.0" Type="End" />
  <Minutia X="578" Y="501" Angle="316.0" Type="End" />
  <Minutia X="397" Y="458" Angle="310.0" Type="End" />
  <Minutia X="615" Y="475" Angle="218.0" Type="End" />
  <Minutia X="670" Y="478" Angle="214.0" Type="End" />
  <Minutia X="649" Y="501" Angle="212.0" Type="End" />
  <Minutia X="620" Y="495" Angle="204.0" Type="End" />
  <Minutia X="667" Y="525" Angle="192.0" Type="End" />
  <Minutia X="628" Y="511" Angle="188.0" Type="End" />
  <Minutia X="653" Y="585" Angle="170.0" Type="End" />
  <Minutia X="652" Y="550" Angle="159.0" Type="End" />
  <Minutia X="368" Y="551" Angle="152.0" Type="Bifurcation" />
  <Minutia X="625" Y="539" Angle="157.0" Type="End" />
  <Minutia X="360" Y="452" Angle="151.0" Type="End" />
  <Minutia X="399" Y="546" Angle="148.0" Type="End" />
  <Minutia X="470" Y="529" Angle="145.0" Type="End" />
  <Minutia X="496" Y="396" Angle="112.0" Type="End" />
  <Minutia X="527" Y="431" Angle="101.0" Type="Bifurcation" />
</MinutiaeList>