<MinutiaeList>
  <Minutia X="299" Y="400" Angle="89.0" Type="End" />
  <Minutia X="268" Y="457" Angle="80.0" Type="End" />
  <Minutia X="503" Y="302" Angle="34.0" Type="Bifurcation" />
  <Minutia X="484" Y="262" Angle="24.0" Type="End" />
  <Minutia X="444" Y="292" Angle="7.0" Type="Bifurcation" />
  <Minutia X="471" Y="214" Angle="10.0" Type="Bifurcation" />
  <Minutia X="438" Y="221" Angle="5.0" Type="End" />
  <Minutia X="407" Y="283" Angle="350.0" Type="Bifurcation" />
  <Minutia X="368" Y="211" Angle="352.0" Type="End" />
  <Minutia X="402" Y="301" Angle="346.0" Type="End" />
  <Minutia X="339" Y="144" Angle="339.0" Type="Bifurcation" />
  <Minutia X="339" Y="323" Angle="307.0" Type="End" />
  <Minutia X="381" Y="391" Angle="300.0" Type="End" />
  <Minutia X="304" Y="385" Angle="282.0" Type="End" />
  <Minutia X="310" Y="454" Angle="271.0" Type="Bifurcation" />
  <Minutia X="360" Y="515" Angle="265.0" Type="End" />
  <Minutia X="343" Y="490" Angle="269.0" Type="End" />
  <Minutia X="305" Y="483" Angle="260.0" Type="Bifurcation" />
  <Minutia X="272" Y="478" Angle="255.0" Type="Bifurcation" />
  <Minutia X="282" Y="494" Angle="236.0" Type="Bifurcation" />
  <Minutia X="328" Y="557" Angle="231.0" Type="Bifurcation" />
  <Minutia X="481" Y="241" Angle="192.0" Type="Bifurcation" />
  <Minutia X="462" Y="278" Angle="182.0" Type="Bifurcation" />
  <Minutia X="391" Y="263" Angle="152.0" Type="End" />
  <Minutia X="340" Y="207" Angle="144.0" Type="Bifurcation" />
  <Minutia X="319" Y="296" Angle="107.0" Type="End" />
  <Minutia X="338" Y="356" Angle="100.0" Type="End" />
  <Minutia X="279" Y="421" Angle="91.0" Type="End" />
</MinutiaeList>