<MinutiaeList>
  <Minutia X="373" Y="372" Angle="66.0" Type="End" />
  <Minutia X="391" Y="353" Angle="67.0" Type="End" />
  <Minutia X="295" Y="358" Angle="58.0" Type="End" />
  <Minutia X="447" Y="331" Angle="55.0" Type="End" />
  <Minutia X="487" Y="173" Angle="46.0" Type="End" />
  <Minutia X="398" Y="575" Angle="353.0" Type="End" />
  <Minutia X="346" Y="477" Angle="337.0" Type="End" />
  <Minutia X="404" Y="297" Angle="229.0" Type="End" />
  <Minutia X="527" Y="285" Angle="226.0" Type="End" />
  <Minutia X="510" Y="171" Angle="226.0" Type="Bifurcation" />
  <Minutia X="314" Y="384" Angle="229.0" Type="End" />
  <Minutia X="530" Y="119" Angle="230.0" Type="End" />
  <Minutia X="477" Y="327" Angle="229.0" Type="End" />
  <Minutia X="340" Y="351" Angle="224.0" Type="End" />
  <Minutia X="385" Y="466" Angle="202.0" Type="End" />
  <Minutia X="460" Y="502" Angle="186.0" Type="End" />
  <Minutia X="373" Y="562" Angle="176.0" Type="End" />
  <Minutia X="426" Y="538" Angle="173.0" Type="End" />
  <Minutia X="281" Y="330" Angle="136.0" Type="End" />
</MinutiaeList>