<MinutiaeList>
  <Minutia X="435" Y="434" Angle="44.0" Type="End" />
  <Minutia X="457" Y="264" Angle="23.0" Type="End" />
  <Minutia X="374" Y="403" Angle="308.0" Type="Bifurcation" />
  <Minutia X="383" Y="458" Angle="276.0" Type="Bifurcation" />
  <Minutia X="485" Y="363" Angle="209.0" Type="End" />
  <Minutia X="452" Y="391" Angle="211.0" Type="Bifurcation" />
  <Minutia X="463" Y="310" Angle="204.0" Type="Bifurcation" />
  <Minutia X="405" Y="328" Angle="166.0" Type="End" />
  <Minutia X="410" Y="345" Angle="156.0" Type="End" />
  <Minutia X="420" Y="377" Angle="155.0" Type="Bifurcation" />
  <Minutia X="429" Y="416" Angle="111.0" Type="Bifurcation" />
</MinutiaeList>