<MinutiaeList>
  <Minutia X="270" Y="324" Angle="81.0" Type="Bifurcation" />
  <Minutia X="480" Y="300" Angle="70.0" Type="Bifurcation" />
  <Minutia X="381" Y="277" Angle="61.0" Type="Bifurcation" />
  <Minutia X="383" Y="251" Angle="45.0" Type="End" />
  <Minutia X="267" Y="438" Angle="355.0" Type="Bifurcation" />
  <Minutia X="358" Y="382" Angle="300.0" Type="End" />
  <Minutia X="421" Y="315" Angle="247.0" Type="Bifurcation" />
  <Minutia X="280" Y="350" Angle="243.0" Type="Bifurcation" />
  <Minutia X="280" Y="408" Angle="178.0" Type="End" />
  <Minutia X="312" Y="358" Angle="148.0" Type="Bifurcation" />
  <Minutia X="361" Y="415" Angle="137.0" Type="End" />
  <Minutia X="345" Y="376" Angle="135.0" Type="Bifurcation" />
  <Minutia X="349" Y="352" Angle="129.0" Type="Bifurcation" />
  <Minutia X="368" Y="361" Angle="120.0" Type="Bifurcation" />
  <Minutia X="346" Y="323" Angle="122.0" Type="End" />
  <Minutia X="391" Y="414" Angle="117.0" Type="End" />
  <Minutia X="384" Y="375" Angle="117.0" Type="Bifurcation" />
  <Minutia X="423" Y="361" Angle="99.0" Type="Bifurcation" />
  <Minutia X="453" Y="384" Angle="97.0" Type="End" />
  <Minutia X="354" Y="299" Angle="95.0" Type="Bifurcation" />
  <Minutia X="403" Y="330" Angle="95.0" Type="Bifurcation" />
</MinutiaeList>