<MinutiaeList>
  <Minutia X="482" Y="445" Angle="9.0" Type="End" />
  <Minutia X="451" Y="408" Angle="347.0" Type="Bifurcation" />
  <Minutia X="433" Y="469" Angle="342.0" Type="Bifurcation" />
  <Minutia X="421" Y="392" Angle="334.0" Type="Bifurcation" />
  <Minutia X="394" Y="468" Angle="322.0" Type="Bifurcation" />
  <Minutia X="266" Y="421" Angle="319.0" Type="End" />
  <Minutia X="325" Y="474" Angle="312.0" Type="Bifurcation" />
  <Minutia X="237" Y="477" Angle="313.0" Type="Bifurcation" />
  <Minutia X="381" Y="344" Angle="315.0" Type="End" />
  <Minutia X="269" Y="347" Angle="313.0" Type="End" />
  <Minutia X="449" Y="377" Angle="152.0" Type="Bifurcation" />
  <Minutia X="410" Y="464" Angle="150.0" Type="End" />
  <Minutia X="258" Y="507" Angle="135.0" Type="End" />
  <Minutia X="331" Y="479" Angle="135.0" Type="End" />
  <Minutia X="255" Y="435" Angle="132.0" Type="End" />
  <Minutia X="424" Y="542" Angle="126.0" Type="End" />
  <Minutia X="342" Y="502" Angle="127.0" Type="End" />
  <Minutia X="448" Y="598" Angle="122.0" Type="Bifurcation" />
  <Minutia X="414" Y="583" Angle="121.0" Type="Bifurcation" />
  <Minutia X="448" Y="577" Angle="121.0" Type="Bifurcation" />
</MinutiaeList>