<MinutiaeList>
  <Minutia X="487" Y="377" Angle="63.0" Type="Bifurcation" />
  <Minutia X="455" Y="390" Angle="52.0" Type="Bifurcation" />
  <Minutia X="485" Y="357" Angle="44.0" Type="End" />
  <Minutia X="448" Y="366" Angle="26.0" Type="Bifurcation" />
  <Minutia X="439" Y="342" Angle="352.0" Type="End" />
  <Minutia X="333" Y="557" Angle="329.0" Type="Bifurcation" />
  <Minutia X="317" Y="272" Angle="317.0" Type="End" />
  <Minutia X="355" Y="535" Angle="317.0" Type="Bifurcation" />
  <Minutia X="323" Y="546" Angle="313.0" Type="Bifurcation" />
  <Minutia X="398" Y="371" Angle="313.0" Type="Bifurcation" />
  <Minutia X="398" Y="415" Angle="309.0" Type="End" />
  <Minutia X="329" Y="370" Angle="305.0" Type="End" />
  <Minutia X="346" Y="474" Angle="300.0" Type="End" />
  <Minutia X="346" Y="307" Angle="130.0" Type="End" />
  <Minutia X="358" Y="399" Angle="113.0" Type="Bifurcation" />
  <Minutia X="483" Y="462" Angle="104.0" Type="End" />
</MinutiaeList>