<MinutiaeList>
  <Minutia X="374" Y="458" Angle="68.0" Type="Bifurcation" />
  <Minutia X="465" Y="440" Angle="66.0" Type="End" />
  <Minutia X="357" Y="460" Angle="55.0" Type="End" />
  <Minutia X="386" Y="504" Angle="50.0" Type="Bifurcation" />
  <Minutia X="408" Y="383" Angle="50.0" Type="Bifurcation" />
  <Minutia X="436" Y="305" Angle="42.0" Type="End" />
  <Minutia X="350" Y="422" Angle="353.0" Type="End" />
  <Minutia X="436" Y="506" Angle="245.0" Type="End" />
  <Minutia X="492" Y="510" Angle="246.0" Type="End" />
  <Minutia X="439" Y="526" Angle="233.0" Type="End" />
  <Minutia X="400" Y="432" Angle="222.0" Type="Bifurcation" />
  <Minutia X="386" Y="452" Angle="216.0" Type="Bifurcation" />
  <Minutia X="441" Y="557" Angle="214.0" Type="End" />
  <Minutia X="428" Y="301" Angle="218.0" Type="End" />
  <Minutia X="367" Y="498" Angle="104.0" Type="Bifurcation" />
</MinutiaeList>