<MinutiaeList>
  <Minutia X="423" Y="439" Angle="54.0" Type="Bifurcation" />
  <Minutia X="507" Y="403" Angle="53.0" Type="Bifurcation" />
  <Minutia X="439" Y="394" Angle="42.0" Type="Bifurcation" />
  <Minutia X="449" Y="433" Angle="43.0" Type="Bifurcation" />
  <Minutia X="443" Y="371" Angle="31.0" Type="End" />
  <Minutia X="379" Y="433" Angle="25.0" Type="End" />
  <Minutia X="389" Y="423" Angle="18.0" Type="Bifurcation" />
  <Minutia X="487" Y="259" Angle="20.0" Type="Bifurcation" />
  <Minutia X="445" Y="327" Angle="13.0" Type="Bifurcation" />
  <Minutia X="461" Y="183" Angle="9.0" Type="End" />
  <Minutia X="436" Y="209" Angle="4.0" Type="Bifurcation" />
  <Minutia X="397" Y="319" Angle="347.0" Type="End" />
  <Minutia X="381" Y="413" Angle="348.0" Type="Bifurcation" />
  <Minutia X="364" Y="435" Angle="347.0" Type="End" />
  <Minutia X="363" Y="265" Angle="336.0" Type="End" />
  <Minutia X="418" Y="515" Angle="333.0" Type="End" />
  <Minutia X="395" Y="366" Angle="337.0" Type="Bifurcation" />
  <Minutia X="385" Y="399" Angle="333.0" Type="End" />
  <Minutia X="414" Y="501" Angle="322.0" Type="End" />
  <Minutia X="352" Y="429" Angle="324.0" Type="End" />
  <Minutia X="273" Y="468" Angle="316.0" Type="Bifurcation" />
  <Minutia X="285" Y="439" Angle="317.0" Type="Bifurcation" />
  <Minutia X="305" Y="460" Angle="316.0" Type="Bifurcation" />
  <Minutia X="291" Y="369" Angle="311.0" Type="End" />
  <Minutia X="411" Y="489" Angle="308.0" Type="Bifurcation" />
  <Minutia X="521" Y="429" Angle="230.0" Type="End" />
  <Minutia X="467" Y="442" Angle="221.0" Type="End" />
  <Minutia X="463" Y="483" Angle="213.0" Type="End" />
  <Minutia X="478" Y="186" Angle="193.0" Type="Bifurcation" />
  <Minutia X="469" Y="196" Angle="180.0" Type="Bifurcation" />
  <Minutia X="425" Y="235" Angle="176.0" Type="Bifurcation" />
  <Minutia X="451" Y="264" Angle="170.0" Type="Bifurcation" />
  <Minutia X="419" Y="350" Angle="163.0" Type="Bifurcation" />
  <Minutia X="350" Y="255" Angle="154.0" Type="End" />
  <Minutia X="375" Y="289" Angle="148.0" Type="Bifurcation" />
  <Minutia X="246" Y="426" Angle="136.0" Type="End" />
  <Minutia X="338" Y="447" Angle="136.0" Type="Bifurcation" />
  <Minutia X="222" Y="377" Angle="130.0" Type="Bifurcation" />
  <Minutia X="421" Y="464" Angle="114.0" Type="End" />
  <Minutia X="405" Y="447" Angle="91.0" Type="Bifurcation" />
</MinutiaeList>