<MinutiaeList>
  <Minutia X="301" Y="467" Angle="78.0" Type="End" />
  <Minutia X="423" Y="483" Angle="50.0" Type="End" />
  <Minutia X="478" Y="357" Angle="35.0" Type="End" />
  <Minutia X="506" Y="298" Angle="23.0" Type="End" />
  <Minutia X="494" Y="266" Angle="19.0" Type="End" />
  <Minutia X="468" Y="335" Angle="22.0" Type="End" />
  <Minutia X="505" Y="276" Angle="20.0" Type="Bifurcation" />
  <Minutia X="266" Y="498" Angle="12.0" Type="End" />
  <Minutia X="310" Y="604" Angle="11.0" Type="End" />
  <Minutia X="279" Y="550" Angle="5.0" Type="End" />
  <Minutia X="408" Y="277" Angle="5.0" Type="End" />
  <Minutia X="270" Y="447" Angle="299.0" Type="End" />
  <Minutia X="328" Y="505" Angle="248.0" Type="End" />
  <Minutia X="325" Y="527" Angle="239.0" Type="End" />
  <Minutia X="375" Y="527" Angle="238.0" Type="Bifurcation" />
  <Minutia X="356" Y="555" Angle="233.0" Type="End" />
  <Minutia X="318" Y="539" Angle="224.0" Type="End" />
  <Minutia X="502" Y="377" Angle="218.0" Type="End" />
  <Minutia X="334" Y="576" Angle="210.0" Type="End" />
  <Minutia X="514" Y="356" Angle="211.0" Type="End" />
  <Minutia X="565" Y="308" Angle="205.0" Type="End" />
  <Minutia X="263" Y="562" Angle="207.0" Type="Bifurcation" />
  <Minutia X="242" Y="601" Angle="201.0" Type="End" />
  <Minutia X="512" Y="271" Angle="194.0" Type="End" />
  <Minutia X="304" Y="587" Angle="196.0" Type="End" />
  <Minutia X="353" Y="602" Angle="189.0" Type="Bifurcation" />
  <Minutia X="476" Y="289" Angle="190.0" Type="Bifurcation" />
  <Minutia X="402" Y="259" Angle="172.0" Type="End" />
  <Minutia X="414" Y="290" Angle="164.0" Type="End" />
  <Minutia X="384" Y="275" Angle="164.0" Type="End" />
  <Minutia X="447" Y="391" Angle="159.0" Type="End" />
  <Minutia X="431" Y="362" Angle="157.0" Type="End" />
  <Minutia X="397" Y="353" Angle="144.0" Type="End" />
  <Minutia X="358" Y="340" Angle="145.0" Type="End" />
  <Minutia X="354" Y="357" Angle="129.0" Type="End" />
  <Minutia X="286" Y="387" Angle="119.0" Type="End" />
  <Minutia X="340" Y="389" Angle="120.0" Type="End" />
  <Minutia X="296" Y="461" Angle="109.0" Type="End" />
  <Minutia X="344" Y="395" Angle="111.0" Type="End" />
</MinutiaeList>