<MinutiaeList>
  <Minutia X="455" Y="388" Angle="86.0" Type="End" />
  <Minutia X="432" Y="302" Angle="53.0" Type="Bifurcation" />
  <Minutia X="422" Y="233" Angle="23.0" Type="Bifurcation" />
  <Minutia X="397" Y="223" Angle="7.0" Type="Bifurcation" />
  <Minutia X="376" Y="213" Angle="353.0" Type="Bifurcation" />
  <Minutia X="389" Y="260" Angle="349.0" Type="Bifurcation" />
  <Minutia X="340" Y="504" Angle="344.0" Type="Bifurcation" />
  <Minutia X="373" Y="497" Angle="339.0" Type="Bifurcation" />
  <Minutia X="362" Y="185" Angle="332.0" Type="Bifurcation" />
  <Minutia X="363" Y="485" Angle="316.0" Type="End" />
  <Minutia X="353" Y="480" Angle="311.0" Type="End" />
  <Minutia X="320" Y="201" Angle="308.0" Type="End" />
  <Minutia X="305" Y="262" Angle="304.0" Type="Bifurcation" />
  <Minutia X="376" Y="325" Angle="302.0" Type="End" />
  <Minutia X="312" Y="282" Angle="301.0" Type="Bifurcation" />
  <Minutia X="252" Y="310" Angle="300.0" Type="End" />
  <Minutia X="403" Y="488" Angle="296.0" Type="Bifurcation" />
  <Minutia X="307" Y="450" Angle="293.0" Type="Bifurcation" />
  <Minutia X="297" Y="386" Angle="290.0" Type="End" />
  <Minutia X="394" Y="484" Angle="288.0" Type="Bifurcation" />
  <Minutia X="340" Y="477" Angle="283.0" Type="Bifurcation" />
  <Minutia X="383" Y="477" Angle="283.0" Type="End" />
  <Minutia X="352" Y="466" Angle="277.0" Type="End" />
  <Minutia X="373" Y="467" Angle="274.0" Type="Bifurcation" />
  <Minutia X="389" Y="424" Angle="266.0" Type="Bifurcation" />
  <Minutia X="362" Y="465" Angle="270.0" Type="Bifurcation" />
  <Minutia X="372" Y="429" Angle="266.0" Type="Bifurcation" />
  <Minutia X="430" Y="205" Angle="192.0" Type="End" />
  <Minutia X="430" Y="267" Angle="189.0" Type="Bifurcation" />
  <Minutia X="414" Y="231" Angle="189.0" Type="Bifurcation" />
  <Minutia X="392" Y="213" Angle="158.0" Type="End" />
  <Minutia X="383" Y="172" Angle="158.0" Type="End" />
  <Minutia X="334" Y="246" Angle="127.0" Type="End" />
  <Minutia X="270" Y="270" Angle="117.0" Type="Bifurcation" />
  <Minutia X="311" Y="391" Angle="114.0" Type="Bifurcation" />
  <Minutia X="334" Y="451" Angle="115.0" Type="End" />
  <Minutia X="275" Y="347" Angle="115.0" Type="End" />
  <Minutia X="371" Y="310" Angle="108.0" Type="End" />
  <Minutia X="310" Y="352" Angle="106.0" Type="Bifurcation" />
  <Minutia X="416" Y="419" Angle="102.0" Type="Bifurcation" />
  <Minutia X="329" Y="409" Angle="104.0" Type="Bifurcation" />
  <Minutia X="438" Y="417" Angle="96.0" Type="Bifurcation" />
  <Minutia X="344" Y="350" Angle="101.0" Type="Bifurcation" />
  <Minutia X="378" Y="355" Angle="92.0" Type="Bifurcation" />
  <Minutia X="353" Y="428" Angle="92.0" Type="End" />
</MinutiaeList>