<MinutiaeList>
  <Minutia X="313" Y="432" Angle="63.0" Type="End" />
  <Minutia X="299" Y="452" Angle="56.0" Type="End" />
  <Minutia X="290" Y="468" Angle="51.0" Type="End" />
  <Minutia X="279" Y="482" Angle="36.0" Type="End" />
  <Minutia X="263" Y="496" Angle="10.0" Type="End" />
  <Minutia X="298" Y="555" Angle="3.0" Type="Bifurcation" />
  <Minutia X="302" Y="619" Angle="5.0" Type="End" />
  <Minutia X="353" Y="423" Angle="5.0" Type="Bifurcation" />
  <Minutia X="435" Y="649" Angle="356.0" Type="End" />
  <Minutia X="421" Y="248" Angle="353.0" Type="End" />
  <Minutia X="515" Y="175" Angle="351.0" Type="End" />
  <Minutia X="452" Y="374" Angle="348.0" Type="Bifurcation" />
  <Minutia X="394" Y="228" Angle="344.0" Type="End" />
  <Minutia X="419" Y="341" Angle="345.0" Type="Bifurcation" />
  <Minutia X="504" Y="144" Angle="347.0" Type="Bifurcation" />
  <Minutia X="234" Y="538" Angle="342.0" Type="End" />
  <Minutia X="246" Y="511" Angle="340.0" Type="End" />
  <Minutia X="496" Y="100" Angle="332.0" Type="End" />
  <Minutia X="317" Y="152" Angle="330.0" Type="Bifurcation" />
  <Minutia X="401" Y="455" Angle="329.0" Type="Bifurcation" />
  <Minutia X="392" Y="416" Angle="326.0" Type="Bifurcation" />
  <Minutia X="366" Y="400" Angle="317.0" Type="End" />
  <Minutia X="251" Y="429" Angle="302.0" Type="Bifurcation" />
  <Minutia X="353" Y="444" Angle="237.0" Type="Bifurcation" />
  <Minutia X="336" Y="478" Angle="222.0" Type="End" />
  <Minutia X="313" Y="628" Angle="187.0" Type="End" />
  <Minutia X="397" Y="675" Angle="182.0" Type="End" />
  <Minutia X="535" Y="544" Angle="179.0" Type="End" />
  <Minutia X="379" Y="489" Angle="177.0" Type="Bifurcation" />
  <Minutia X="389" Y="437" Angle="171.0" Type="End" />
  <Minutia X="485" Y="120" Angle="166.0" Type="End" />
  <Minutia X="534" Y="574" Angle="165.0" Type="End" />
  <Minutia X="252" Y="404" Angle="125.0" Type="End" />
  <Minutia X="311" Y="381" Angle="123.0" Type="End" />
  <Minutia X="270" Y="418" Angle="122.0" Type="Bifurcation" />
  <Minutia X="323" Y="402" Angle="107.0" Type="Bifurcation" />
  <Minutia X="292" Y="426" Angle="106.0" Type="End" />
  <Minutia X="337" Y="396" Angle="98.0" Type="End" />
</MinutiaeList>