<MinutiaeList>
  <Minutia X="480" Y="362" Angle="87.0" Type="Bifurcation" />
  <Minutia X="439" Y="331" Angle="77.0" Type="Bifurcation" />
  <Minutia X="441" Y="281" Angle="22.0" Type="End" />
  <Minutia X="381" Y="578" Angle="359.0" Type="Bifurcation" />
  <Minutia X="409" Y="285" Angle="358.0" Type="End" />
  <Minutia X="430" Y="579" Angle="357.0" Type="End" />
  <Minutia X="306" Y="536" Angle="352.0" Type="End" />
  <Minutia X="380" Y="305" Angle="344.0" Type="End" />
  <Minutia X="282" Y="515" Angle="345.0" Type="End" />
  <Minutia X="394" Y="277" Angle="338.0" Type="Bifurcation" />
  <Minutia X="313" Y="511" Angle="335.0" Type="End" />
  <Minutia X="381" Y="540" Angle="335.0" Type="End" />
  <Minutia X="337" Y="525" Angle="335.0" Type="End" />
  <Minutia X="409" Y="542" Angle="328.0" Type="End" />
  <Minutia X="451" Y="543" Angle="329.0" Type="End" />
  <Minutia X="289" Y="480" Angle="330.0" Type="End" />
  <Minutia X="392" Y="515" Angle="329.0" Type="End" />
  <Minutia X="427" Y="542" Angle="330.0" Type="End" />
  <Minutia X="337" Y="271" Angle="326.0" Type="End" />
  <Minutia X="353" Y="504" Angle="321.0" Type="End" />
  <Minutia X="378" Y="507" Angle="323.0" Type="End" />
  <Minutia X="451" Y="518" Angle="323.0" Type="Bifurcation" />
  <Minutia X="327" Y="476" Angle="323.0" Type="End" />
  <Minutia X="437" Y="507" Angle="318.0" Type="Bifurcation" />
  <Minutia X="357" Y="487" Angle="318.0" Type="End" />
  <Minutia X="427" Y="481" Angle="312.0" Type="Bifurcation" />
  <Minutia X="462" Y="464" Angle="310.0" Type="End" />
  <Minutia X="297" Y="381" Angle="304.0" Type="Bifurcation" />
  <Minutia X="350" Y="436" Angle="301.0" Type="End" />
  <Minutia X="489" Y="474" Angle="301.0" Type="Bifurcation" />
  <Minutia X="418" Y="424" Angle="301.0" Type="End" />
  <Minutia X="340" Y="425" Angle="299.0" Type="Bifurcation" />
  <Minutia X="335" Y="409" Angle="302.0" Type="End" />
  <Minutia X="352" Y="461" Angle="138.0" Type="End" />
  <Minutia X="287" Y="295" Angle="138.0" Type="End" />
  <Minutia X="316" Y="305" Angle="138.0" Type="Bifurcation" />
  <Minutia X="296" Y="345" Angle="132.0" Type="Bifurcation" />
  <Minutia X="476" Y="447" Angle="131.0" Type="End" />
  <Minutia X="332" Y="345" Angle="132.0" Type="End" />
  <Minutia X="329" Y="368" Angle="127.0" Type="Bifurcation" />
  <Minutia X="355" Y="419" Angle="127.0" Type="End" />
  <Minutia X="481" Y="455" Angle="127.0" Type="End" />
  <Minutia X="354" Y="357" Angle="119.0" Type="End" />
  <Minutia X="402" Y="386" Angle="121.0" Type="Bifurcation" />
  <Minutia X="356" Y="399" Angle="121.0" Type="Bifurcation" />
  <Minutia X="441" Y="400" Angle="121.0" Type="End" />
  <Minutia X="472" Y="422" Angle="121.0" Type="End" />
  <Minutia X="511" Y="454" Angle="116.0" Type="End" />
  <Minutia X="393" Y="350" Angle="117.0" Type="Bifurcation" />
  <Minutia X="425" Y="364" Angle="115.0" Type="Bifurcation" />
  <Minutia X="433" Y="383" Angle="109.0" Type="Bifurcation" />
  <Minutia X="406" Y="346" Angle="112.0" Type="End" />
</MinutiaeList>