<MinutiaeList>
  <Minutia X="430" Y="401" Angle="81.0" Type="Bifurcation" />
  <Minutia X="524" Y="417" Angle="81.0" Type="End" />
  <Minutia X="527" Y="402" Angle="65.0" Type="End" />
  <Minutia X="484" Y="358" Angle="63.0" Type="End" />
  <Minutia X="501" Y="359" Angle="64.0" Type="End" />
  <Minutia X="525" Y="267" Angle="48.0" Type="End" />
  <Minutia X="483" Y="272" Angle="43.0" Type="Bifurcation" />
  <Minutia X="418" Y="368" Angle="19.0" Type="Bifurcation" />
  <Minutia X="426" Y="278" Angle="22.0" Type="Bifurcation" />
  <Minutia X="476" Y="83" Angle="22.0" Type="Bifurcation" />
  <Minutia X="457" Y="99" Angle="12.0" Type="End" />
  <Minutia X="412" Y="382" Angle="9.0" Type="Bifurcation" />
  <Minutia X="381" Y="287" Angle="356.0" Type="Bifurcation" />
  <Minutia X="381" Y="58" Angle="351.0" Type="Bifurcation" />
  <Minutia X="353" Y="203" Angle="345.0" Type="Bifurcation" />
  <Minutia X="455" Y="507" Angle="344.0" Type="End" />
  <Minutia X="323" Y="225" Angle="343.0" Type="Bifurcation" />
  <Minutia X="341" Y="166" Angle="343.0" Type="End" />
  <Minutia X="412" Y="516" Angle="336.0" Type="End" />
  <Minutia X="327" Y="90" Angle="333.0" Type="End" />
  <Minutia X="398" Y="489" Angle="332.0" Type="Bifurcation" />
  <Minutia X="340" Y="62" Angle="328.0" Type="End" />
  <Minutia X="335" Y="486" Angle="327.0" Type="End" />
  <Minutia X="349" Y="493" Angle="329.0" Type="End" />
  <Minutia X="359" Y="313" Angle="322.0" Type="Bifurcation" />
  <Minutia X="317" Y="481" Angle="321.0" Type="End" />
  <Minutia X="463" Y="486" Angle="320.0" Type="End" />
  <Minutia X="349" Y="430" Angle="315.0" Type="End" />
  <Minutia X="311" Y="305" Angle="310.0" Type="End" />
  <Minutia X="300" Y="427" Angle="315.0" Type="End" />
  <Minutia X="244" Y="256" Angle="311.0" Type="End" />
  <Minutia X="514" Y="460" Angle="311.0" Type="End" />
  <Minutia X="370" Y="366" Angle="310.0" Type="Bifurcation" />
  <Minutia X="489" Y="477" Angle="311.0" Type="End" />
  <Minutia X="287" Y="304" Angle="297.0" Type="End" />
  <Minutia X="487" Y="452" Angle="292.0" Type="Bifurcation" />
  <Minutia X="252" Y="319" Angle="290.0" Type="Bifurcation" />
  <Minutia X="448" Y="440" Angle="285.0" Type="End" />
  <Minutia X="544" Y="400" Angle="240.0" Type="Bifurcation" />
  <Minutia X="536" Y="323" Angle="229.0" Type="End" />
  <Minutia X="534" Y="266" Angle="220.0" Type="Bifurcation" />
  <Minutia X="508" Y="279" Angle="220.0" Type="Bifurcation" />
  <Minutia X="443" Y="400" Angle="225.0" Type="Bifurcation" />
  <Minutia X="435" Y="383" Angle="203.0" Type="End" />
  <Minutia X="518" Y="133" Angle="205.0" Type="Bifurcation" />
  <Minutia X="504" Y="155" Angle="203.0" Type="Bifurcation" />
  <Minutia X="439" Y="299" Angle="197.0" Type="Bifurcation" />
  <Minutia X="487" Y="67" Angle="192.0" Type="End" />
  <Minutia X="433" Y="355" Angle="187.0" Type="End" />
  <Minutia X="329" Y="188" Angle="153.0" Type="End" />
  <Minutia X="361" Y="249" Angle="151.0" Type="End" />
  <Minutia X="357" Y="404" Angle="136.0" Type="Bifurcation" />
  <Minutia X="353" Y="438" Angle="137.0" Type="Bifurcation" />
  <Minutia X="293" Y="350" Angle="123.0" Type="End" />
  <Minutia X="247" Y="278" Angle="114.0" Type="Bifurcation" />
  <Minutia X="509" Y="404" Angle="90.0" Type="Bifurcation" />
</MinutiaeList>