<MinutiaeList>
  <Minutia X="426" Y="367" Angle="87.0" Type="Bifurcation" />
  <Minutia X="488" Y="460" Angle="85.0" Type="End" />
  <Minutia X="473" Y="395" Angle="87.0" Type="Bifurcation" />
  <Minutia X="479" Y="345" Angle="75.0" Type="End" />
  <Minutia X="447" Y="572" Angle="4.0" Type="End" />
  <Minutia X="294" Y="590" Angle="352.0" Type="End" />
  <Minutia X="413" Y="589" Angle="352.0" Type="End" />
  <Minutia X="277" Y="575" Angle="340.0" Type="End" />
  <Minutia X="334" Y="566" Angle="341.0" Type="Bifurcation" />
  <Minutia X="364" Y="556" Angle="335.0" Type="End" />
  <Minutia X="338" Y="544" Angle="335.0" Type="Bifurcation" />
  <Minutia X="461" Y="558" Angle="327.0" Type="End" />
  <Minutia X="399" Y="550" Angle="327.0" Type="End" />
  <Minutia X="384" Y="553" Angle="328.0" Type="End" />
  <Minutia X="284" Y="531" Angle="324.0" Type="End" />
  <Minutia X="339" Y="527" Angle="324.0" Type="Bifurcation" />
  <Minutia X="439" Y="555" Angle="324.0" Type="End" />
  <Minutia X="299" Y="502" Angle="320.0" Type="End" />
  <Minutia X="274" Y="508" Angle="307.0" Type="End" />
  <Minutia X="453" Y="538" Angle="307.0" Type="End" />
  <Minutia X="384" Y="500" Angle="306.0" Type="Bifurcation" />
  <Minutia X="396" Y="508" Angle="307.0" Type="End" />
  <Minutia X="321" Y="608" Angle="173.0" Type="End" />
  <Minutia X="406" Y="394" Angle="100.0" Type="Bifurcation" />
  <Minutia X="479" Y="494" Angle="99.0" Type="End" />
  <Minutia X="464" Y="464" Angle="99.0" Type="Bifurcation" />
  <Minutia X="447" Y="421" Angle="93.0" Type="Bifurcation" />
</MinutiaeList>