<MinutiaeList>
  <Minutia X="443" Y="602" Angle="78.0" Type="Bifurcation" />
  <Minutia X="468" Y="609" Angle="72.0" Type="End" />
  <Minutia X="497" Y="613" Angle="63.0" Type="End" />
  <Minutia X="472" Y="523" Angle="52.0" Type="End" />
  <Minutia X="481" Y="471" Angle="45.0" Type="End" />
  <Minutia X="493" Y="444" Angle="27.0" Type="End" />
  <Minutia X="414" Y="478" Angle="17.0" Type="End" />
  <Minutia X="349" Y="413" Angle="343.0" Type="Bifurcation" />
  <Minutia X="371" Y="493" Angle="329.0" Type="End" />
  <Minutia X="390" Y="539" Angle="329.0" Type="Bifurcation" />
  <Minutia X="396" Y="564" Angle="313.0" Type="End" />
  <Minutia X="248" Y="373" Angle="310.0" Type="End" />
  <Minutia X="231" Y="481" Angle="302.0" Type="End" />
  <Minutia X="229" Y="426" Angle="297.0" Type="End" />
  <Minutia X="262" Y="570" Angle="282.0" Type="End" />
  <Minutia X="286" Y="496" Angle="285.0" Type="End" />
  <Minutia X="341" Y="558" Angle="279.0" Type="End" />
  <Minutia X="465" Y="503" Angle="222.0" Type="End" />
  <Minutia X="441" Y="521" Angle="213.0" Type="End" />
  <Minutia X="448" Y="413" Angle="197.0" Type="End" />
  <Minutia X="422" Y="550" Angle="151.0" Type="Bifurcation" />
  <Minutia X="342" Y="382" Angle="148.0" Type="Bifurcation" />
  <Minutia X="359" Y="439" Angle="140.0" Type="Bifurcation" />
  <Minutia X="244" Y="494" Angle="113.0" Type="End" />
  <Minutia X="275" Y="486" Angle="108.0" Type="End" />
  <Minutia X="269" Y="550" Angle="100.0" Type="End" />
  <Minutia X="345" Y="517" Angle="101.0" Type="Bifurcation" />
</MinutiaeList>