<MinutiaeList>
  <Minutia X="458" Y="355" Angle="81.0" Type="End" />
  <Minutia X="467" Y="259" Angle="18.0" Type="End" />
  <Minutia X="465" Y="235" Angle="9.0" Type="End" />
  <Minutia X="417" Y="150" Angle="355.0" Type="End" />
  <Minutia X="415" Y="533" Angle="337.0" Type="End" />
  <Minutia X="388" Y="513" Angle="328.0" Type="End" />
  <Minutia X="391" Y="527" Angle="331.0" Type="End" />
  <Minutia X="428" Y="522" Angle="327.0" Type="End" />
  <Minutia X="428" Y="325" Angle="326.0" Type="End" />
  <Minutia X="366" Y="253" Angle="319.0" Type="Bifurcation" />
  <Minutia X="358" Y="205" Angle="320.0" Type="Bifurcation" />
  <Minutia X="344" Y="142" Angle="318.0" Type="Bifurcation" />
  <Minutia X="405" Y="484" Angle="310.0" Type="End" />
  <Minutia X="341" Y="169" Angle="314.0" Type="End" />
  <Minutia X="364" Y="493" Angle="312.0" Type="End" />
  <Minutia X="373" Y="265" Angle="314.0" Type="End" />
  <Minutia X="303" Y="343" Angle="307.0" Type="End" />
  <Minutia X="300" Y="249" Angle="304.0" Type="Bifurcation" />
  <Minutia X="312" Y="273" Angle="301.0" Type="Bifurcation" />
  <Minutia X="296" Y="176" Angle="301.0" Type="End" />
  <Minutia X="437" Y="463" Angle="300.0" Type="End" />
  <Minutia X="429" Y="452" Angle="281.0" Type="Bifurcation" />
  <Minutia X="409" Y="458" Angle="278.0" Type="End" />
  <Minutia X="427" Y="156" Angle="178.0" Type="End" />
  <Minutia X="470" Y="217" Angle="180.0" Type="End" />
  <Minutia X="464" Y="246" Angle="174.0" Type="End" />
  <Minutia X="468" Y="225" Angle="173.0" Type="Bifurcation" />
  <Minutia X="427" Y="143" Angle="174.0" Type="End" />
  <Minutia X="448" Y="279" Angle="155.0" Type="End" />
  <Minutia X="396" Y="231" Angle="148.0" Type="End" />
  <Minutia X="372" Y="257" Angle="139.0" Type="End" />
  <Minutia X="367" Y="129" Angle="137.0" Type="Bifurcation" />
  <Minutia X="325" Y="311" Angle="125.0" Type="End" />
  <Minutia X="399" Y="320" Angle="119.0" Type="End" />
  <Minutia X="340" Y="378" Angle="118.0" Type="Bifurcation" />
  <Minutia X="479" Y="433" Angle="116.0" Type="End" />
  <Minutia X="366" Y="362" Angle="110.0" Type="End" />
  <Minutia X="361" Y="435" Angle="109.0" Type="Bifurcation" />
  <Minutia X="455" Y="362" Angle="96.0" Type="End" />
  <Minutia X="487" Y="395" Angle="94.0" Type="End" />
</MinutiaeList>