<MinutiaeList>
  <Minutia X="297" Y="439" Angle="88.0" Type="End" />
  <Minutia X="506" Y="390" Angle="85.0" Type="End" />
  <Minutia X="510" Y="360" Angle="69.0" Type="End" />
  <Minutia X="320" Y="467" Angle="51.0" Type="End" />
  <Minutia X="287" Y="466" Angle="55.0" Type="End" />
  <Minutia X="356" Y="471" Angle="46.0" Type="Bifurcation" />
  <Minutia X="653" Y="353" Angle="38.0" Type="End" />
  <Minutia X="378" Y="466" Angle="38.0" Type="Bifurcation" />
  <Minutia X="274" Y="481" Angle="25.0" Type="End" />
  <Minutia X="400" Y="507" Angle="21.0" Type="Bifurcation" />
  <Minutia X="269" Y="499" Angle="20.0" Type="End" />
  <Minutia X="434" Y="504" Angle="12.0" Type="End" />
  <Minutia X="431" Y="548" Angle="8.0" Type="End" />
  <Minutia X="447" Y="570" Angle="7.0" Type="End" />
  <Minutia X="251" Y="460" Angle="310.0" Type="End" />
  <Minutia X="259" Y="473" Angle="315.0" Type="Bifurcation" />
  <Minutia X="501" Y="374" Angle="235.0" Type="End" />
  <Minutia X="305" Y="488" Angle="235.0" Type="End" />
  <Minutia X="408" Y="465" Angle="229.0" Type="End" />
  <Minutia X="383" Y="504" Angle="225.0" Type="End" />
  <Minutia X="343" Y="529" Angle="224.0" Type="Bifurcation" />
  <Minutia X="456" Y="325" Angle="220.0" Type="End" />
  <Minutia X="653" Y="327" Angle="221.0" Type="Bifurcation" />
  <Minutia X="409" Y="503" Angle="218.0" Type="End" />
  <Minutia X="302" Y="497" Angle="211.0" Type="End" />
  <Minutia X="396" Y="528" Angle="210.0" Type="Bifurcation" />
  <Minutia X="682" Y="369" Angle="207.0" Type="End" />
  <Minutia X="370" Y="555" Angle="205.0" Type="End" />
  <Minutia X="357" Y="581" Angle="201.0" Type="End" />
  <Minutia X="436" Y="524" Angle="200.0" Type="End" />
  <Minutia X="429" Y="568" Angle="192.0" Type="End" />
  <Minutia X="395" Y="604" Angle="187.0" Type="Bifurcation" />
  <Minutia X="275" Y="549" Angle="187.0" Type="End" />
  <Minutia X="427" Y="320" Angle="182.0" Type="Bifurcation" />
  <Minutia X="305" Y="395" Angle="136.0" Type="Bifurcation" />
  <Minutia X="278" Y="429" Angle="131.0" Type="End" />
  <Minutia X="281" Y="449" Angle="129.0" Type="Bifurcation" />
  <Minutia X="290" Y="429" Angle="116.0" Type="Bifurcation" />
  <Minutia X="529" Y="419" Angle="96.0" Type="Bifurcation" />
</MinutiaeList>