<MinutiaeList>
  <Minutia X="450" Y="340" Angle="83.0" Type="Bifurcation" />
  <Minutia X="386" Y="306" Angle="82.0" Type="Bifurcation" />
  <Minutia X="451" Y="403" Angle="82.0" Type="Bifurcation" />
  <Minutia X="461" Y="387" Angle="72.0" Type="End" />
  <Minutia X="402" Y="300" Angle="72.0" Type="Bifurcation" />
  <Minutia X="493" Y="351" Angle="69.0" Type="Bifurcation" />
  <Minutia X="489" Y="279" Angle="63.0" Type="Bifurcation" />
  <Minutia X="352" Y="332" Angle="66.0" Type="Bifurcation" />
  <Minutia X="430" Y="280" Angle="62.0" Type="End" />
  <Minutia X="586" Y="259" Angle="54.0" Type="End" />
  <Minutia X="596" Y="337" Angle="41.0" Type="End" />
  <Minutia X="367" Y="291" Angle="356.0" Type="End" />
  <Minutia X="419" Y="458" Angle="338.0" Type="Bifurcation" />
  <Minutia X="365" Y="280" Angle="333.0" Type="End" />
  <Minutia X="453" Y="449" Angle="329.0" Type="Bifurcation" />
  <Minutia X="420" Y="443" Angle="320.0" Type="End" />
  <Minutia X="405" Y="439" Angle="313.0" Type="Bifurcation" />
  <Minutia X="347" Y="280" Angle="306.0" Type="End" />
  <Minutia X="391" Y="396" Angle="301.0" Type="Bifurcation" />
  <Minutia X="366" Y="333" Angle="292.0" Type="End" />
  <Minutia X="423" Y="380" Angle="278.0" Type="Bifurcation" />
  <Minutia X="497" Y="390" Angle="252.0" Type="Bifurcation" />
  <Minutia X="356" Y="358" Angle="242.0" Type="Bifurcation" />
  <Minutia X="597" Y="310" Angle="228.0" Type="Bifurcation" />
  <Minutia X="585" Y="170" Angle="228.0" Type="Bifurcation" />
  <Minutia X="489" Y="440" Angle="224.0" Type="Bifurcation" />
  <Minutia X="552" Y="463" Angle="201.0" Type="End" />
  <Minutia X="516" Y="478" Angle="195.0" Type="End" />
  <Minutia X="482" Y="449" Angle="190.0" Type="Bifurcation" />
  <Minutia X="379" Y="384" Angle="135.0" Type="Bifurcation" />
  <Minutia X="414" Y="398" Angle="121.0" Type="Bifurcation" />
  <Minutia X="311" Y="259" Angle="117.0" Type="End" />
  <Minutia X="395" Y="343" Angle="115.0" Type="Bifurcation" />
  <Minutia X="370" Y="306" Angle="107.0" Type="End" />
  <Minutia X="374" Y="314" Angle="112.0" Type="End" />
  <Minutia X="408" Y="339" Angle="105.0" Type="Bifurcation" />
  <Minutia X="418" Y="344" Angle="103.0" Type="Bifurcation" />
  <Minutia X="435" Y="375" Angle="97.0" Type="Bifurcation" />
  <Minutia X="427" Y="334" Angle="90.0" Type="Bifurcation" />
</MinutiaeList>