<MinutiaeList>
  <Minutia X="497" Y="295" Angle="83.0" Type="End" />
  <Minutia X="511" Y="286" Angle="71.0" Type="End" />
  <Minutia X="479" Y="236" Angle="53.0" Type="End" />
  <Minutia X="395" Y="299" Angle="354.0" Type="Bifurcation" />
  <Minutia X="409" Y="532" Angle="352.0" Type="End" />
  <Minutia X="471" Y="507" Angle="352.0" Type="End" />
  <Minutia X="387" Y="291" Angle="342.0" Type="End" />
  <Minutia X="393" Y="275" Angle="334.0" Type="Bifurcation" />
  <Minutia X="427" Y="477" Angle="337.0" Type="End" />
  <Minutia X="442" Y="480" Angle="334.0" Type="End" />
  <Minutia X="342" Y="437" Angle="335.0" Type="End" />
  <Minutia X="473" Y="477" Angle="321.0" Type="End" />
  <Minutia X="382" Y="349" Angle="322.0" Type="End" />
  <Minutia X="382" Y="367" Angle="319.0" Type="Bifurcation" />
  <Minutia X="414" Y="435" Angle="320.0" Type="Bifurcation" />
  <Minutia X="328" Y="427" Angle="318.0" Type="End" />
  <Minutia X="311" Y="406" Angle="312.0" Type="End" />
  <Minutia X="461" Y="443" Angle="303.0" Type="End" />
  <Minutia X="345" Y="374" Angle="300.0" Type="Bifurcation" />
  <Minutia X="383" Y="332" Angle="297.0" Type="Bifurcation" />
  <Minutia X="464" Y="358" Angle="292.0" Type="End" />
  <Minutia X="366" Y="353" Angle="283.0" Type="Bifurcation" />
  <Minutia X="441" Y="326" Angle="276.0" Type="Bifurcation" />
  <Minutia X="416" Y="312" Angle="220.0" Type="Bifurcation" />
  <Minutia X="479" Y="216" Angle="216.0" Type="Bifurcation" />
  <Minutia X="298" Y="400" Angle="137.0" Type="End" />
  <Minutia X="414" Y="325" Angle="116.0" Type="Bifurcation" />
  <Minutia X="488" Y="364" Angle="116.0" Type="End" />
  <Minutia X="476" Y="337" Angle="110.0" Type="Bifurcation" />
  <Minutia X="363" Y="316" Angle="101.0" Type="End" />
  <Minutia X="511" Y="338" Angle="99.0" Type="Bifurcation" />
</MinutiaeList>