<MinutiaeList>
  <Minutia X="408" Y="586" Angle="340.0" Type="End" />
  <Minutia X="503" Y="527" Angle="330.0" Type="Bifurcation" />
  <Minutia X="470" Y="417" Angle="327.0" Type="Bifurcation" />
  <Minutia X="465" Y="443" Angle="324.0" Type="Bifurcation" />
  <Minutia X="376" Y="543" Angle="324.0" Type="Bifurcation" />
  <Minutia X="476" Y="489" Angle="318.0" Type="End" />
  <Minutia X="442" Y="401" Angle="313.0" Type="Bifurcation" />
  <Minutia X="443" Y="498" Angle="313.0" Type="Bifurcation" />
  <Minutia X="382" Y="343" Angle="307.0" Type="Bifurcation" />
  <Minutia X="564" Y="373" Angle="217.0" Type="Bifurcation" />
  <Minutia X="562" Y="475" Angle="206.0" Type="End" />
  <Minutia X="579" Y="494" Angle="195.0" Type="Bifurcation" />
  <Minutia X="531" Y="486" Angle="183.0" Type="End" />
  <Minutia X="516" Y="439" Angle="170.0" Type="End" />
  <Minutia X="567" Y="534" Angle="172.0" Type="End" />
  <Minutia X="513" Y="469" Angle="166.0" Type="Bifurcation" />
  <Minutia X="507" Y="392" Angle="161.0" Type="End" />
  <Minutia X="533" Y="504" Angle="155.0" Type="End" />
</MinutiaeList>