<MinutiaeList>
  <Minutia X="373" Y="363" Angle="76.0" Type="Bifurcation" />
  <Minutia X="386" Y="370" Angle="60.0" Type="End" />
  <Minutia X="375" Y="235" Angle="359.0" Type="Bifurcation" />
  <Minutia X="376" Y="350" Angle="311.0" Type="Bifurcation" />
  <Minutia X="395" Y="388" Angle="242.0" Type="Bifurcation" />
  <Minutia X="404" Y="293" Angle="177.0" Type="Bifurcation" />
  <Minutia X="391" Y="338" Angle="143.0" Type="Bifurcation" />
  <Minutia X="358" Y="320" Angle="123.0" Type="Bifurcation" />
  <Minutia X="426" Y="366" Angle="90.0" Type="Bifurcation" />
</MinutiaeList>