<MinutiaeList>
  <Minutia X="499" Y="478" Angle="3.0" Type="End" />
  <Minutia X="500" Y="398" Angle="355.0" Type="End" />
  <Minutia X="469" Y="513" Angle="0.0" Type="End" />
  <Minutia X="489" Y="540" Angle="0.0" Type="End" />
  <Minutia X="507" Y="341" Angle="352.0" Type="End" />
  <Minutia X="371" Y="604" Angle="338.0" Type="Bifurcation" />
  <Minutia X="366" Y="579" Angle="342.0" Type="Bifurcation" />
  <Minutia X="382" Y="405" Angle="333.0" Type="Bifurcation" />
  <Minutia X="396" Y="525" Angle="337.0" Type="Bifurcation" />
  <Minutia X="416" Y="547" Angle="333.0" Type="Bifurcation" />
  <Minutia X="407" Y="589" Angle="336.0" Type="End" />
  <Minutia X="343" Y="566" Angle="327.0" Type="End" />
  <Minutia X="342" Y="538" Angle="321.0" Type="End" />
  <Minutia X="508" Y="535" Angle="166.0" Type="End" />
  <Minutia X="391" Y="572" Angle="158.0" Type="Bifurcation" />
  <Minutia X="417" Y="521" Angle="152.0" Type="Bifurcation" />
  <Minutia X="388" Y="654" Angle="157.0" Type="End" />
  <Minutia X="415" Y="498" Angle="157.0" Type="End" />
  <Minutia X="389" Y="597" Angle="151.0" Type="Bifurcation" />
</MinutiaeList>