<MinutiaeList>
  <Minutia X="491" Y="321" Angle="47.0" Type="Bifurcation" />
  <Minutia X="579" Y="396" Angle="45.0" Type="End" />
  <Minutia X="444" Y="378" Angle="38.0" Type="Bifurcation" />
  <Minutia X="442" Y="295" Angle="19.0" Type="Bifurcation" />
  <Minutia X="524" Y="359" Angle="230.0" Type="Bifurcation" />
  <Minutia X="551" Y="389" Angle="223.0" Type="Bifurcation" />
  <Minutia X="477" Y="422" Angle="224.0" Type="Bifurcation" />
  <Minutia X="573" Y="414" Angle="218.0" Type="End" />
  <Minutia X="476" Y="308" Angle="206.0" Type="Bifurcation" />
  <Minutia X="454" Y="359" Angle="206.0" Type="Bifurcation" />
  <Minutia X="536" Y="485" Angle="206.0" Type="End" />
  <Minutia X="603" Y="451" Angle="198.0" Type="End" />
  <Minutia X="439" Y="326" Angle="202.0" Type="Bifurcation" />
  <Minutia X="590" Y="490" Angle="190.0" Type="End" />
  <Minutia X="385" Y="370" Angle="155.0" Type="End" />
  <Minutia X="356" Y="357" Angle="139.0" Type="Bifurcation" />
  <Minutia X="362" Y="372" Angle="130.0" Type="End" />
  <Minutia X="366" Y="385" Angle="129.0" Type="End" />
  <Minutia X="378" Y="411" Angle="92.0" Type="End" />
</MinutiaeList>