<MinutiaeList>
  <Minutia X="585" Y="350" Angle="34.0" Type="End" />
  <Minutia X="535" Y="332" Angle="36.0" Type="End" />
  <Minutia X="551" Y="267" Angle="23.0" Type="Bifurcation" />
  <Minutia X="435" Y="548" Angle="237.0" Type="End" />
  <Minutia X="455" Y="560" Angle="225.0" Type="End" />
  <Minutia X="547" Y="446" Angle="216.0" Type="Bifurcation" />
  <Minutia X="597" Y="444" Angle="215.0" Type="End" />
  <Minutia X="575" Y="473" Angle="205.0" Type="Bifurcation" />
  <Minutia X="589" Y="312" Angle="204.0" Type="End" />
  <Minutia X="587" Y="277" Angle="205.0" Type="End" />
  <Minutia X="487" Y="585" Angle="198.0" Type="End" />
  <Minutia X="429" Y="566" Angle="194.0" Type="End" />
  <Minutia X="458" Y="598" Angle="187.0" Type="End" />
</MinutiaeList>