<MinutiaeList>
  <Minutia X="469" Y="347" Angle="71.0" Type="End" />
  <Minutia X="470" Y="314" Angle="73.0" Type="End" />
  <Minutia X="426" Y="318" Angle="43.0" Type="Bifurcation" />
  <Minutia X="442" Y="298" Angle="31.0" Type="Bifurcation" />
  <Minutia X="429" Y="274" Angle="14.0" Type="End" />
  <Minutia X="479" Y="340" Angle="250.0" Type="End" />
  <Minutia X="466" Y="377" Angle="249.0" Type="End" />
  <Minutia X="464" Y="328" Angle="234.0" Type="End" />
  <Minutia X="437" Y="345" Angle="218.0" Type="End" />
  <Minutia X="455" Y="258" Angle="201.0" Type="End" />
</MinutiaeList>