<MinutiaeList>
  <Minutia X="513" Y="325" Angle="68.0" Type="Bifurcation" />
  <Minutia X="468" Y="594" Angle="54.0" Type="End" />
  <Minutia X="498" Y="424" Angle="264.0" Type="Bifurcation" />
  <Minutia X="538" Y="364" Angle="259.0" Type="Bifurcation" />
  <Minutia X="519" Y="383" Angle="259.0" Type="Bifurcation" />
  <Minutia X="464" Y="354" Angle="248.0" Type="End" />
  <Minutia X="439" Y="404" Angle="247.0" Type="End" />
  <Minutia X="524" Y="460" Angle="244.0" Type="Bifurcation" />
  <Minutia X="463" Y="305" Angle="238.0" Type="End" />
  <Minutia X="541" Y="502" Angle="231.0" Type="End" />
  <Minutia X="453" Y="452" Angle="231.0" Type="End" />
  <Minutia X="470" Y="482" Angle="223.0" Type="Bifurcation" />
  <Minutia X="474" Y="617" Angle="222.0" Type="Bifurcation" />
  <Minutia X="494" Y="521" Angle="224.0" Type="End" />
  <Minutia X="425" Y="483" Angle="214.0" Type="End" />
  <Minutia X="420" Y="535" Angle="200.0" Type="End" />
</MinutiaeList>