<MinutiaeList>
  <Minutia X="342" Y="486" Angle="86.0" Type="Bifurcation" />
  <Minutia X="444" Y="409" Angle="67.0" Type="End" />
  <Minutia X="401" Y="298" Angle="15.0" Type="End" />
  <Minutia X="389" Y="358" Angle="9.0" Type="End" />
  <Minutia X="372" Y="253" Angle="356.0" Type="Bifurcation" />
  <Minutia X="416" Y="498" Angle="276.0" Type="Bifurcation" />
  <Minutia X="305" Y="573" Angle="242.0" Type="Bifurcation" />
  <Minutia X="321" Y="578" Angle="235.0" Type="Bifurcation" />
  <Minutia X="447" Y="391" Angle="223.0" Type="Bifurcation" />
  <Minutia X="401" Y="385" Angle="167.0" Type="End" />
  <Minutia X="379" Y="299" Angle="157.0" Type="End" />
  <Minutia X="344" Y="281" Angle="144.0" Type="End" />
  <Minutia X="411" Y="428" Angle="130.0" Type="Bifurcation" />
  <Minutia X="424" Y="515" Angle="119.0" Type="Bifurcation" />
  <Minutia X="327" Y="447" Angle="98.0" Type="End" />
</MinutiaeList>