<MinutiaeList>
  <Minutia X="294" Y="444" Angle="81.0" Type="End" />
  <Minutia X="404" Y="443" Angle="74.0" Type="Bifurcation" />
  <Minutia X="420" Y="410" Angle="69.0" Type="End" />
  <Minutia X="418" Y="438" Angle="62.0" Type="Bifurcation" />
  <Minutia X="379" Y="464" Angle="65.0" Type="End" />
  <Minutia X="450" Y="402" Angle="51.0" Type="End" />
  <Minutia X="475" Y="340" Angle="54.0" Type="End" />
  <Minutia X="471" Y="536" Angle="14.0" Type="End" />
  <Minutia X="413" Y="384" Angle="7.0" Type="End" />
  <Minutia X="245" Y="501" Angle="8.0" Type="End" />
  <Minutia X="405" Y="360" Angle="350.0" Type="End" />
  <Minutia X="357" Y="368" Angle="310.0" Type="End" />
  <Minutia X="364" Y="403" Angle="294.0" Type="End" />
  <Minutia X="355" Y="504" Angle="250.0" Type="End" />
  <Minutia X="323" Y="482" Angle="245.0" Type="End" />
  <Minutia X="487" Y="385" Angle="233.0" Type="Bifurcation" />
  <Minutia X="386" Y="537" Angle="231.0" Type="Bifurcation" />
  <Minutia X="356" Y="536" Angle="220.0" Type="Bifurcation" />
  <Minutia X="310" Y="496" Angle="224.0" Type="End" />
  <Minutia X="396" Y="562" Angle="217.0" Type="End" />
  <Minutia X="420" Y="555" Angle="216.0" Type="Bifurcation" />
  <Minutia X="479" Y="529" Angle="210.0" Type="End" />
  <Minutia X="302" Y="522" Angle="210.0" Type="End" />
  <Minutia X="330" Y="541" Angle="213.0" Type="Bifurcation" />
  <Minutia X="459" Y="547" Angle="208.0" Type="End" />
  <Minutia X="451" Y="320" Angle="196.0" Type="End" />
  <Minutia X="433" Y="386" Angle="184.0" Type="End" />
  <Minutia X="427" Y="365" Angle="178.0" Type="End" />
  <Minutia X="400" Y="374" Angle="130.0" Type="End" />
  <Minutia X="325" Y="355" Angle="127.0" Type="End" />
  <Minutia X="324" Y="384" Angle="125.0" Type="End" />
  <Minutia X="367" Y="370" Angle="121.0" Type="End" />
  <Minutia X="311" Y="425" Angle="96.0" Type="End" />
</MinutiaeList>