<MinutiaeList>
  <Minutia X="333" Y="421" Angle="86.0" Type="Bifurcation" />
  <Minutia X="289" Y="500" Angle="81.0" Type="Bifurcation" />
  <Minutia X="293" Y="528" Angle="44.0" Type="End" />
  <Minutia X="489" Y="595" Angle="352.0" Type="End" />
  <Minutia X="276" Y="575" Angle="344.0" Type="Bifurcation" />
  <Minutia X="458" Y="653" Angle="346.0" Type="End" />
  <Minutia X="273" Y="599" Angle="342.0" Type="End" />
  <Minutia X="261" Y="568" Angle="316.0" Type="End" />
  <Minutia X="239" Y="514" Angle="288.0" Type="End" />
  <Minutia X="416" Y="522" Angle="228.0" Type="Bifurcation" />
  <Minutia X="340" Y="539" Angle="230.0" Type="Bifurcation" />
  <Minutia X="409" Y="549" Angle="218.0" Type="End" />
  <Minutia X="394" Y="569" Angle="218.0" Type="End" />
  <Minutia X="351" Y="564" Angle="215.0" Type="End" />
  <Minutia X="310" Y="553" Angle="203.0" Type="End" />
  <Minutia X="383" Y="592" Angle="200.0" Type="Bifurcation" />
  <Minutia X="431" Y="595" Angle="196.0" Type="End" />
  <Minutia X="495" Y="579" Angle="193.0" Type="End" />
  <Minutia X="474" Y="581" Angle="192.0" Type="End" />
  <Minutia X="453" Y="620" Angle="186.0" Type="Bifurcation" />
  <Minutia X="420" Y="619" Angle="191.0" Type="End" />
  <Minutia X="470" Y="596" Angle="187.0" Type="End" />
  <Minutia X="396" Y="633" Angle="185.0" Type="End" />
  <Minutia X="329" Y="601" Angle="181.0" Type="Bifurcation" />
  <Minutia X="407" Y="649" Angle="176.0" Type="End" />
  <Minutia X="544" Y="571" Angle="179.0" Type="End" />
  <Minutia X="359" Y="659" Angle="175.0" Type="End" />
  <Minutia X="517" Y="590" Angle="170.0" Type="End" />
  <Minutia X="409" Y="681" Angle="170.0" Type="End" />
  <Minutia X="486" Y="647" Angle="164.0" Type="End" />
  <Minutia X="365" Y="223" Angle="161.0" Type="Bifurcation" />
  <Minutia X="291" Y="584" Angle="162.0" Type="End" />
  <Minutia X="471" Y="680" Angle="156.0" Type="End" />
  <Minutia X="362" Y="265" Angle="151.0" Type="End" />
  <Minutia X="495" Y="681" Angle="151.0" Type="End" />
  <Minutia X="221" Y="439" Angle="114.0" Type="End" />
  <Minutia X="211" Y="399" Angle="117.0" Type="Bifurcation" />
  <Minutia X="307" Y="381" Angle="107.0" Type="Bifurcation" />
  <Minutia X="261" Y="364" Angle="112.0" Type="End" />
  <Minutia X="247" Y="441" Angle="104.0" Type="Bifurcation" />
  <Minutia X="271" Y="443" Angle="98.0" Type="End" />
  <Minutia X="323" Y="385" Angle="97.0" Type="End" />
  <Minutia X="285" Y="428" Angle="96.0" Type="End" />
  <Minutia X="282" Y="519" Angle="93.0" Type="End" />
</MinutiaeList>