<MinutiaeList>
  <Minutia X="750" Y="402" Angle="83.0" Type="End" />
  <Minutia X="609" Y="437" Angle="74.0" Type="Bifurcation" />
  <Minutia X="699" Y="372" Angle="56.0" Type="Bifurcation" />
  <Minutia X="661" Y="414" Angle="45.0" Type="End" />
  <Minutia X="721" Y="408" Angle="259.0" Type="Bifurcation" />
  <Minutia X="740" Y="440" Angle="254.0" Type="End" />
  <Minutia X="710" Y="389" Angle="243.0" Type="Bifurcation" />
  <Minutia X="723" Y="424" Angle="233.0" Type="End" />
  <Minutia X="745" Y="468" Angle="229.0" Type="Bifurcation" />
  <Minutia X="775" Y="509" Angle="207.0" Type="End" />
  <Minutia X="738" Y="490" Angle="208.0" Type="End" />
  <Minutia X="705" Y="488" Angle="201.0" Type="End" />
  <Minutia X="733" Y="504" Angle="193.0" Type="Bifurcation" />
  <Minutia X="667" Y="335" Angle="123.0" Type="Bifurcation" />
  <Minutia X="614" Y="343" Angle="110.0" Type="End" />
  <Minutia X="651" Y="362" Angle="102.0" Type="End" />
</MinutiaeList>