<MinutiaeList>
  <Minutia X="464" Y="316" Angle="43.0" Type="End" />
  <Minutia X="455" Y="394" Angle="36.0" Type="Bifurcation" />
  <Minutia X="420" Y="451" Angle="15.0" Type="End" />
  <Minutia X="422" Y="423" Angle="11.0" Type="End" />
  <Minutia X="466" Y="514" Angle="352.0" Type="Bifurcation" />
  <Minutia X="421" Y="381" Angle="345.0" Type="Bifurcation" />
  <Minutia X="330" Y="326" Angle="310.0" Type="End" />
  <Minutia X="364" Y="331" Angle="314.0" Type="Bifurcation" />
  <Minutia X="366" Y="422" Angle="307.0" Type="End" />
  <Minutia X="393" Y="433" Angle="308.0" Type="Bifurcation" />
  <Minutia X="281" Y="309" Angle="309.0" Type="End" />
  <Minutia X="323" Y="282" Angle="307.0" Type="End" />
  <Minutia X="396" Y="517" Angle="301.0" Type="End" />
  <Minutia X="341" Y="419" Angle="298.0" Type="Bifurcation" />
  <Minutia X="463" Y="485" Angle="234.0" Type="End" />
  <Minutia X="476" Y="485" Angle="230.0" Type="End" />
  <Minutia X="486" Y="406" Angle="219.0" Type="End" />
  <Minutia X="475" Y="337" Angle="210.0" Type="End" />
  <Minutia X="474" Y="371" Angle="198.0" Type="End" />
  <Minutia X="514" Y="506" Angle="200.0" Type="End" />
  <Minutia X="497" Y="508" Angle="172.0" Type="Bifurcation" />
  <Minutia X="427" Y="296" Angle="155.0" Type="Bifurcation" />
  <Minutia X="343" Y="308" Angle="129.0" Type="End" />
  <Minutia X="378" Y="289" Angle="126.0" Type="End" />
  <Minutia X="407" Y="472" Angle="125.0" Type="Bifurcation" />
  <Minutia X="316" Y="270" Angle="123.0" Type="Bifurcation" />
  <Minutia X="419" Y="480" Angle="114.0" Type="Bifurcation" />
</MinutiaeList>