<MinutiaeList>
  <Minutia X="445" Y="445" Angle="75.0" Type="End" />
  <Minutia X="439" Y="405" Angle="76.0" Type="Bifurcation" />
  <Minutia X="413" Y="373" Angle="77.0" Type="End" />
  <Minutia X="469" Y="403" Angle="65.0" Type="End" />
  <Minutia X="452" Y="353" Angle="65.0" Type="End" />
  <Minutia X="399" Y="341" Angle="62.0" Type="Bifurcation" />
  <Minutia X="497" Y="363" Angle="56.0" Type="End" />
  <Minutia X="397" Y="297" Angle="49.0" Type="Bifurcation" />
  <Minutia X="417" Y="323" Angle="50.0" Type="End" />
  <Minutia X="473" Y="294" Angle="48.0" Type="End" />
  <Minutia X="551" Y="433" Angle="243.0" Type="End" />
  <Minutia X="501" Y="469" Angle="246.0" Type="End" />
  <Minutia X="516" Y="511" Angle="237.0" Type="End" />
  <Minutia X="460" Y="315" Angle="235.0" Type="End" />
  <Minutia X="499" Y="617" Angle="232.0" Type="Bifurcation" />
  <Minutia X="510" Y="578" Angle="230.0" Type="End" />
  <Minutia X="462" Y="499" Angle="222.0" Type="End" />
  <Minutia X="457" Y="511" Angle="209.0" Type="End" />
  <Minutia X="431" Y="473" Angle="108.0" Type="End" />
  <Minutia X="410" Y="439" Angle="97.0" Type="End" />
  <Minutia X="393" Y="391" Angle="94.0" Type="End" />
</MinutiaeList>