<MinutiaeList>
  <Minutia X="529" Y="430" Angle="77.0" Type="Bifurcation" />
  <Minutia X="473" Y="398" Angle="68.0" Type="End" />
  <Minutia X="501" Y="351" Angle="50.0" Type="End" />
  <Minutia X="477" Y="360" Angle="45.0" Type="End" />
  <Minutia X="538" Y="406" Angle="34.0" Type="End" />
  <Minutia X="598" Y="501" Angle="351.0" Type="End" />
  <Minutia X="540" Y="527" Angle="344.0" Type="End" />
  <Minutia X="547" Y="468" Angle="322.0" Type="Bifurcation" />
  <Minutia X="519" Y="482" Angle="315.0" Type="End" />
  <Minutia X="502" Y="501" Angle="311.0" Type="Bifurcation" />
  <Minutia X="553" Y="400" Angle="220.0" Type="End" />
  <Minutia X="579" Y="449" Angle="207.0" Type="Bifurcation" />
  <Minutia X="382" Y="429" Angle="169.0" Type="End" />
  <Minutia X="406" Y="452" Angle="159.0" Type="Bifurcation" />
  <Minutia X="572" Y="461" Angle="152.0" Type="End" />
  <Minutia X="552" Y="452" Angle="150.0" Type="End" />
</MinutiaeList>