<MinutiaeList>
  <Minutia X="493" Y="572" Angle="76.0" Type="End" />
  <Minutia X="525" Y="565" Angle="65.0" Type="Bifurcation" />
  <Minutia X="431" Y="482" Angle="8.0" Type="End" />
  <Minutia X="448" Y="360" Angle="7.0" Type="End" />
  <Minutia X="470" Y="311" Angle="4.0" Type="End" />
  <Minutia X="409" Y="453" Angle="355.0" Type="Bifurcation" />
  <Minutia X="411" Y="552" Angle="349.0" Type="Bifurcation" />
  <Minutia X="435" Y="286" Angle="349.0" Type="End" />
  <Minutia X="416" Y="395" Angle="353.0" Type="End" />
  <Minutia X="406" Y="437" Angle="348.0" Type="End" />
  <Minutia X="404" Y="255" Angle="341.0" Type="End" />
  <Minutia X="321" Y="288" Angle="331.0" Type="Bifurcation" />
  <Minutia X="329" Y="182" Angle="327.0" Type="Bifurcation" />
  <Minutia X="370" Y="197" Angle="327.0" Type="End" />
  <Minutia X="290" Y="294" Angle="325.0" Type="End" />
  <Minutia X="297" Y="225" Angle="320.0" Type="End" />
  <Minutia X="413" Y="341" Angle="160.0" Type="End" />
  <Minutia X="414" Y="484" Angle="148.0" Type="End" />
  <Minutia X="415" Y="577" Angle="113.0" Type="End" />
  <Minutia X="412" Y="600" Angle="108.0" Type="End" />
  <Minutia X="465" Y="617" Angle="100.0" Type="Bifurcation" />
  <Minutia X="422" Y="591" Angle="100.0" Type="End" />
  <Minutia X="438" Y="584" Angle="98.0" Type="Bifurcation" />
</MinutiaeList>