<MinutiaeList>
  <Minutia X="278" Y="352" Angle="0.0" Type="End" />
  <Minutia X="170" Y="637" Angle="324.0" Type="Bifurcation" />
  <Minutia X="137" Y="632" Angle="323.0" Type="End" />
  <Minutia X="246" Y="555" Angle="322.0" Type="End" />
  <Minutia X="268" Y="384" Angle="317.0" Type="Bifurcation" />
  <Minutia X="239" Y="599" Angle="320.0" Type="End" />
  <Minutia X="191" Y="622" Angle="318.0" Type="End" />
  <Minutia X="193" Y="581" Angle="312.0" Type="End" />
  <Minutia X="241" Y="534" Angle="306.0" Type="End" />
  <Minutia X="158" Y="596" Angle="309.0" Type="End" />
  <Minutia X="133" Y="553" Angle="301.0" Type="End" />
  <Minutia X="187" Y="453" Angle="299.0" Type="End" />
  <Minutia X="91" Y="520" Angle="299.0" Type="End" />
  <Minutia X="210" Y="540" Angle="301.0" Type="Bifurcation" />
  <Minutia X="294" Y="362" Angle="162.0" Type="Bifurcation" />
  <Minutia X="152" Y="444" Angle="109.0" Type="End" />
</MinutiaeList>