<MinutiaeList>
  <Minutia X="492" Y="260" Angle="85.0" Type="End" />
  <Minutia X="514" Y="329" Angle="82.0" Type="End" />
  <Minutia X="507" Y="268" Angle="78.0" Type="End" />
  <Minutia X="464" Y="219" Angle="70.0" Type="End" />
  <Minutia X="509" Y="223" Angle="66.0" Type="Bifurcation" />
  <Minutia X="486" Y="216" Angle="61.0" Type="Bifurcation" />
  <Minutia X="486" Y="422" Angle="2.0" Type="End" />
  <Minutia X="446" Y="440" Angle="340.0" Type="End" />
  <Minutia X="382" Y="463" Angle="343.0" Type="End" />
  <Minutia X="411" Y="453" Angle="336.0" Type="Bifurcation" />
  <Minutia X="458" Y="436" Angle="332.0" Type="Bifurcation" />
  <Minutia X="349" Y="449" Angle="328.0" Type="Bifurcation" />
  <Minutia X="333" Y="440" Angle="324.0" Type="End" />
  <Minutia X="296" Y="410" Angle="325.0" Type="Bifurcation" />
  <Minutia X="374" Y="439" Angle="321.0" Type="End" />
  <Minutia X="429" Y="423" Angle="319.0" Type="End" />
  <Minutia X="467" Y="405" Angle="316.0" Type="Bifurcation" />
  <Minutia X="333" Y="419" Angle="317.0" Type="Bifurcation" />
  <Minutia X="362" Y="369" Angle="304.0" Type="End" />
  <Minutia X="374" Y="284" Angle="300.0" Type="End" />
  <Minutia X="429" Y="315" Angle="293.0" Type="Bifurcation" />
  <Minutia X="396" Y="302" Angle="298.0" Type="Bifurcation" />
  <Minutia X="451" Y="337" Angle="288.0" Type="Bifurcation" />
  <Minutia X="428" Y="299" Angle="276.0" Type="End" />
  <Minutia X="511" Y="251" Angle="246.0" Type="End" />
  <Minutia X="416" Y="268" Angle="233.0" Type="Bifurcation" />
  <Minutia X="532" Y="416" Angle="219.0" Type="End" />
  <Minutia X="522" Y="424" Angle="186.0" Type="End" />
  <Minutia X="491" Y="432" Angle="170.0" Type="Bifurcation" />
  <Minutia X="437" Y="455" Angle="166.0" Type="End" />
  <Minutia X="360" Y="424" Angle="145.0" Type="Bifurcation" />
  <Minutia X="399" Y="268" Angle="131.0" Type="End" />
  <Minutia X="380" Y="353" Angle="127.0" Type="Bifurcation" />
  <Minutia X="385" Y="321" Angle="126.0" Type="Bifurcation" />
  <Minutia X="497" Y="379" Angle="126.0" Type="End" />
  <Minutia X="446" Y="315" Angle="120.0" Type="Bifurcation" />
  <Minutia X="405" Y="285" Angle="118.0" Type="Bifurcation" />
  <Minutia X="473" Y="301" Angle="105.0" Type="End" />
  <Minutia X="466" Y="276" Angle="101.0" Type="Bifurcation" />
  <Minutia X="492" Y="315" Angle="92.0" Type="End" />
  <Minutia X="438" Y="259" Angle="95.0" Type="End" />
  <Minutia X="501" Y="325" Angle="90.0" Type="End" />
</MinutiaeList>