<MinutiaeList>
  <Minutia X="279" Y="441" Angle="58.0" Type="End" />
  <Minutia X="371" Y="471" Angle="55.0" Type="End" />
  <Minutia X="427" Y="464" Angle="51.0" Type="End" />
  <Minutia X="435" Y="450" Angle="51.0" Type="End" />
  <Minutia X="299" Y="438" Angle="51.0" Type="End" />
  <Minutia X="353" Y="472" Angle="55.0" Type="End" />
  <Minutia X="512" Y="357" Angle="54.0" Type="End" />
  <Minutia X="377" Y="455" Angle="50.0" Type="End" />
  <Minutia X="373" Y="425" Angle="47.0" Type="End" />
  <Minutia X="403" Y="398" Angle="49.0" Type="Bifurcation" />
  <Minutia X="480" Y="295" Angle="47.0" Type="End" />
  <Minutia X="365" Y="550" Angle="49.0" Type="Bifurcation" />
  <Minutia X="415" Y="237" Angle="39.0" Type="End" />
  <Minutia X="422" Y="190" Angle="36.0" Type="End" />
  <Minutia X="362" Y="287" Angle="26.0" Type="End" />
  <Minutia X="343" Y="343" Angle="23.0" Type="End" />
  <Minutia X="466" Y="578" Angle="22.0" Type="End" />
  <Minutia X="384" Y="490" Angle="235.0" Type="End" />
  <Minutia X="519" Y="392" Angle="233.0" Type="Bifurcation" />
  <Minutia X="464" Y="461" Angle="232.0" Type="End" />
  <Minutia X="441" Y="482" Angle="232.0" Type="End" />
  <Minutia X="448" Y="467" Angle="229.0" Type="End" />
  <Minutia X="411" Y="546" Angle="228.0" Type="End" />
  <Minutia X="421" Y="487" Angle="229.0" Type="Bifurcation" />
  <Minutia X="428" Y="174" Angle="229.0" Type="End" />
  <Minutia X="387" Y="424" Angle="221.0" Type="Bifurcation" />
  <Minutia X="383" Y="592" Angle="220.0" Type="Bifurcation" />
  <Minutia X="441" Y="594" Angle="220.0" Type="End" />
  <Minutia X="496" Y="173" Angle="224.0" Type="Bifurcation" />
  <Minutia X="480" Y="330" Angle="225.0" Type="Bifurcation" />
  <Minutia X="533" Y="274" Angle="214.0" Type="Bifurcation" />
  <Minutia X="491" Y="229" Angle="218.0" Type="End" />
  <Minutia X="372" Y="244" Angle="209.0" Type="End" />
  <Minutia X="412" Y="594" Angle="211.0" Type="End" />
  <Minutia X="374" Y="196" Angle="212.0" Type="Bifurcation" />
  <Minutia X="406" Y="301" Angle="210.0" Type="End" />
  <Minutia X="413" Y="268" Angle="211.0" Type="Bifurcation" />
  <Minutia X="395" Y="222" Angle="205.0" Type="End" />
  <Minutia X="578" Y="535" Angle="207.0" Type="Bifurcation" />
  <Minutia X="376" Y="340" Angle="205.0" Type="End" />
  <Minutia X="493" Y="589" Angle="203.0" Type="End" />
  <Minutia X="569" Y="579" Angle="197.0" Type="End" />
  <Minutia X="340" Y="299" Angle="202.0" Type="Bifurcation" />
  <Minutia X="340" Y="357" Angle="197.0" Type="End" />
  <Minutia X="493" Y="601" Angle="194.0" Type="Bifurcation" />
  <Minutia X="317" Y="330" Angle="195.0" Type="Bifurcation" />
  <Minutia X="533" Y="571" Angle="189.0" Type="Bifurcation" />
  <Minutia X="496" Y="629" Angle="179.0" Type="Bifurcation" />
  <Minutia X="512" Y="642" Angle="171.0" Type="End" />
</MinutiaeList>