<MinutiaeList>
  <Minutia X="444" Y="435" Angle="72.0" Type="End" />
  <Minutia X="450" Y="415" Angle="67.0" Type="End" />
  <Minutia X="507" Y="351" Angle="46.0" Type="Bifurcation" />
  <Minutia X="477" Y="303" Angle="49.0" Type="Bifurcation" />
  <Minutia X="509" Y="433" Angle="50.0" Type="End" />
  <Minutia X="442" Y="296" Angle="34.0" Type="Bifurcation" />
  <Minutia X="408" Y="379" Angle="18.0" Type="Bifurcation" />
  <Minutia X="412" Y="268" Angle="2.0" Type="End" />
  <Minutia X="406" Y="337" Angle="357.0" Type="Bifurcation" />
  <Minutia X="396" Y="402" Angle="343.0" Type="Bifurcation" />
  <Minutia X="402" Y="553" Angle="333.0" Type="Bifurcation" />
  <Minutia X="362" Y="205" Angle="337.0" Type="End" />
  <Minutia X="368" Y="577" Angle="330.0" Type="End" />
  <Minutia X="354" Y="248" Angle="327.0" Type="End" />
  <Minutia X="355" Y="551" Angle="327.0" Type="End" />
  <Minutia X="359" Y="292" Angle="323.0" Type="Bifurcation" />
  <Minutia X="386" Y="539" Angle="325.0" Type="Bifurcation" />
  <Minutia X="381" Y="511" Angle="311.0" Type="Bifurcation" />
  <Minutia X="351" Y="494" Angle="306.0" Type="End" />
  <Minutia X="371" Y="489" Angle="302.0" Type="End" />
  <Minutia X="369" Y="469" Angle="293.0" Type="Bifurcation" />
  <Minutia X="412" Y="462" Angle="292.0" Type="Bifurcation" />
  <Minutia X="480" Y="467" Angle="242.0" Type="Bifurcation" />
  <Minutia X="494" Y="481" Angle="232.0" Type="End" />
  <Minutia X="498" Y="330" Angle="229.0" Type="End" />
  <Minutia X="526" Y="363" Angle="230.0" Type="Bifurcation" />
  <Minutia X="495" Y="300" Angle="222.0" Type="End" />
  <Minutia X="511" Y="239" Angle="219.0" Type="End" />
  <Minutia X="468" Y="234" Angle="203.0" Type="End" />
  <Minutia X="487" Y="515" Angle="200.0" Type="End" />
  <Minutia X="446" Y="356" Angle="192.0" Type="Bifurcation" />
  <Minutia X="466" Y="285" Angle="192.0" Type="Bifurcation" />
  <Minutia X="430" Y="275" Angle="186.0" Type="End" />
  <Minutia X="421" Y="399" Angle="189.0" Type="Bifurcation" />
  <Minutia X="432" Y="331" Angle="182.0" Type="Bifurcation" />
  <Minutia X="412" Y="211" Angle="167.0" Type="Bifurcation" />
  <Minutia X="453" Y="484" Angle="167.0" Type="End" />
  <Minutia X="407" Y="261" Angle="160.0" Type="End" />
  <Minutia X="371" Y="411" Angle="111.0" Type="Bifurcation" />
  <Minutia X="422" Y="425" Angle="90.0" Type="Bifurcation" />
</MinutiaeList>