<MinutiaeList>
  <Minutia X="389" Y="538" Angle="84.0" Type="End" />
  <Minutia X="454" Y="548" Angle="75.0" Type="Bifurcation" />
  <Minutia X="421" Y="511" Angle="68.0" Type="End" />
  <Minutia X="359" Y="515" Angle="73.0" Type="End" />
  <Minutia X="467" Y="529" Angle="58.0" Type="Bifurcation" />
  <Minutia X="473" Y="499" Angle="58.0" Type="End" />
  <Minutia X="371" Y="489" Angle="61.0" Type="End" />
  <Minutia X="345" Y="486" Angle="49.0" Type="End" />
  <Minutia X="430" Y="420" Angle="46.0" Type="End" />
  <Minutia X="403" Y="444" Angle="47.0" Type="End" />
  <Minutia X="368" Y="331" Angle="16.0" Type="Bifurcation" />
  <Minutia X="406" Y="725" Angle="355.0" Type="End" />
  <Minutia X="280" Y="724" Angle="356.0" Type="End" />
  <Minutia X="324" Y="710" Angle="354.0" Type="End" />
  <Minutia X="375" Y="721" Angle="348.0" Type="End" />
  <Minutia X="312" Y="488" Angle="347.0" Type="Bifurcation" />
  <Minutia X="345" Y="696" Angle="340.0" Type="Bifurcation" />
  <Minutia X="308" Y="427" Angle="343.0" Type="End" />
  <Minutia X="412" Y="706" Angle="340.0" Type="End" />
  <Minutia X="468" Y="700" Angle="341.0" Type="End" />
  <Minutia X="375" Y="684" Angle="332.0" Type="End" />
  <Minutia X="306" Y="524" Angle="331.0" Type="End" />
  <Minutia X="473" Y="636" Angle="326.0" Type="Bifurcation" />
  <Minutia X="354" Y="676" Angle="321.0" Type="Bifurcation" />
  <Minutia X="303" Y="666" Angle="321.0" Type="End" />
  <Minutia X="288" Y="463" Angle="326.0" Type="Bifurcation" />
  <Minutia X="448" Y="675" Angle="325.0" Type="End" />
  <Minutia X="433" Y="671" Angle="316.0" Type="End" />
  <Minutia X="277" Y="496" Angle="317.0" Type="Bifurcation" />
  <Minutia X="299" Y="550" Angle="320.0" Type="End" />
  <Minutia X="409" Y="646" Angle="310.0" Type="End" />
  <Minutia X="448" Y="636" Angle="304.0" Type="Bifurcation" />
  <Minutia X="389" Y="639" Angle="302.0" Type="End" />
  <Minutia X="212" Y="474" Angle="296.0" Type="Bifurcation" />
  <Minutia X="477" Y="621" Angle="295.0" Type="End" />
  <Minutia X="191" Y="582" Angle="298.0" Type="End" />
  <Minutia X="223" Y="506" Angle="291.0" Type="End" />
  <Minutia X="392" Y="575" Angle="276.0" Type="Bifurcation" />
  <Minutia X="377" Y="568" Angle="274.0" Type="End" />
  <Minutia X="363" Y="544" Angle="245.0" Type="End" />
  <Minutia X="353" Y="545" Angle="239.0" Type="Bifurcation" />
  <Minutia X="370" Y="510" Angle="233.0" Type="End" />
  <Minutia X="606" Y="607" Angle="209.0" Type="Bifurcation" />
  <Minutia X="455" Y="372" Angle="206.0" Type="End" />
  <Minutia X="558" Y="634" Angle="192.0" Type="End" />
  <Minutia X="515" Y="628" Angle="187.0" Type="End" />
  <Minutia X="558" Y="656" Angle="171.0" Type="Bifurcation" />
  <Minutia X="536" Y="652" Angle="174.0" Type="End" />
  <Minutia X="582" Y="710" Angle="166.0" Type="End" />
  <Minutia X="330" Y="536" Angle="159.0" Type="Bifurcation" />
  <Minutia X="498" Y="616" Angle="143.0" Type="End" />
  <Minutia X="216" Y="580" Angle="132.0" Type="Bifurcation" />
  <Minutia X="226" Y="446" Angle="113.0" Type="Bifurcation" />
  <Minutia X="100" Y="512" Angle="114.0" Type="End" />
  <Minutia X="476" Y="592" Angle="108.0" Type="Bifurcation" />
</MinutiaeList>