<MinutiaeList>
  <Minutia X="373" Y="353" Angle="86.0" Type="End" />
  <Minutia X="431" Y="415" Angle="83.0" Type="End" />
  <Minutia X="446" Y="397" Angle="79.0" Type="Bifurcation" />
  <Minutia X="384" Y="345" Angle="84.0" Type="End" />
  <Minutia X="404" Y="337" Angle="74.0" Type="Bifurcation" />
  <Minutia X="453" Y="371" Angle="70.0" Type="End" />
  <Minutia X="386" Y="335" Angle="67.0" Type="End" />
  <Minutia X="477" Y="348" Angle="60.0" Type="Bifurcation" />
  <Minutia X="485" Y="334" Angle="55.0" Type="Bifurcation" />
  <Minutia X="426" Y="324" Angle="56.0" Type="Bifurcation" />
  <Minutia X="542" Y="304" Angle="46.0" Type="End" />
  <Minutia X="401" Y="290" Angle="46.0" Type="End" />
  <Minutia X="484" Y="283" Angle="46.0" Type="End" />
  <Minutia X="476" Y="240" Angle="35.0" Type="End" />
  <Minutia X="407" Y="281" Angle="38.0" Type="End" />
  <Minutia X="401" Y="268" Angle="23.0" Type="End" />
  <Minutia X="387" Y="283" Angle="28.0" Type="End" />
  <Minutia X="419" Y="175" Angle="18.0" Type="Bifurcation" />
  <Minutia X="391" Y="223" Angle="13.0" Type="Bifurcation" />
  <Minutia X="392" Y="246" Angle="16.0" Type="Bifurcation" />
  <Minutia X="356" Y="305" Angle="10.0" Type="Bifurcation" />
  <Minutia X="343" Y="328" Angle="355.0" Type="End" />
  <Minutia X="357" Y="255" Angle="356.0" Type="Bifurcation" />
  <Minutia X="348" Y="214" Angle="346.0" Type="End" />
  <Minutia X="339" Y="132" Angle="337.0" Type="Bifurcation" />
  <Minutia X="339" Y="304" Angle="324.0" Type="Bifurcation" />
  <Minutia X="309" Y="262" Angle="318.0" Type="End" />
  <Minutia X="316" Y="330" Angle="302.0" Type="Bifurcation" />
  <Minutia X="239" Y="242" Angle="300.0" Type="Bifurcation" />
  <Minutia X="292" Y="328" Angle="296.0" Type="End" />
  <Minutia X="318" Y="349" Angle="295.0" Type="Bifurcation" />
  <Minutia X="284" Y="314" Angle="292.0" Type="End" />
  <Minutia X="318" Y="456" Angle="277.0" Type="End" />
  <Minutia X="348" Y="439" Angle="270.0" Type="Bifurcation" />
  <Minutia X="516" Y="277" Angle="215.0" Type="End" />
  <Minutia X="417" Y="277" Angle="202.0" Type="End" />
  <Minutia X="452" Y="240" Angle="200.0" Type="End" />
  <Minutia X="376" Y="315" Angle="188.0" Type="Bifurcation" />
  <Minutia X="364" Y="326" Angle="183.0" Type="End" />
  <Minutia X="226" Y="293" Angle="119.0" Type="End" />
  <Minutia X="295" Y="338" Angle="99.0" Type="Bifurcation" />
  <Minutia X="329" Y="432" Angle="98.0" Type="End" />
  <Minutia X="230" Y="348" Angle="100.0" Type="Bifurcation" />
  <Minutia X="308" Y="336" Angle="94.0" Type="End" />
  <Minutia X="357" Y="348" Angle="90.0" Type="End" />
  <Minutia X="356" Y="371" Angle="92.0" Type="Bifurcation" />
</MinutiaeList>