<MinutiaeList>
  <Minutia X="455" Y="435" Angle="84.0" Type="Bifurcation" />
  <Minutia X="385" Y="380" Angle="84.0" Type="Bifurcation" />
  <Minutia X="472" Y="442" Angle="70.0" Type="End" />
  <Minutia X="412" Y="384" Angle="68.0" Type="Bifurcation" />
  <Minutia X="435" Y="409" Angle="72.0" Type="Bifurcation" />
  <Minutia X="485" Y="420" Angle="65.0" Type="End" />
  <Minutia X="454" Y="395" Angle="62.0" Type="End" />
  <Minutia X="345" Y="338" Angle="67.0" Type="Bifurcation" />
  <Minutia X="440" Y="333" Angle="66.0" Type="End" />
  <Minutia X="506" Y="432" Angle="55.0" Type="End" />
  <Minutia X="448" Y="298" Angle="55.0" Type="End" />
  <Minutia X="359" Y="305" Angle="45.0" Type="Bifurcation" />
  <Minutia X="378" Y="276" Angle="35.0" Type="End" />
  <Minutia X="363" Y="578" Angle="344.0" Type="End" />
  <Minutia X="294" Y="562" Angle="340.0" Type="End" />
  <Minutia X="420" Y="578" Angle="342.0" Type="Bifurcation" />
  <Minutia X="309" Y="226" Angle="338.0" Type="End" />
  <Minutia X="296" Y="305" Angle="337.0" Type="End" />
  <Minutia X="340" Y="564" Angle="333.0" Type="Bifurcation" />
  <Minutia X="322" Y="565" Angle="331.0" Type="Bifurcation" />
  <Minutia X="402" Y="564" Angle="329.0" Type="End" />
  <Minutia X="449" Y="569" Angle="327.0" Type="End" />
  <Minutia X="479" Y="538" Angle="321.0" Type="Bifurcation" />
  <Minutia X="428" Y="554" Angle="316.0" Type="End" />
  <Minutia X="297" Y="540" Angle="317.0" Type="Bifurcation" />
  <Minutia X="368" Y="557" Angle="320.0" Type="Bifurcation" />
  <Minutia X="261" Y="527" Angle="314.0" Type="End" />
  <Minutia X="276" Y="284" Angle="310.0" Type="End" />
  <Minutia X="444" Y="536" Angle="315.0" Type="Bifurcation" />
  <Minutia X="482" Y="510" Angle="311.0" Type="End" />
  <Minutia X="358" Y="541" Angle="308.0" Type="End" />
  <Minutia X="460" Y="513" Angle="307.0" Type="Bifurcation" />
  <Minutia X="410" Y="518" Angle="301.0" Type="End" />
  <Minutia X="229" Y="279" Angle="298.0" Type="Bifurcation" />
  <Minutia X="268" Y="490" Angle="295.0" Type="Bifurcation" />
  <Minutia X="381" Y="510" Angle="291.0" Type="Bifurcation" />
  <Minutia X="286" Y="454" Angle="288.0" Type="Bifurcation" />
  <Minutia X="452" Y="494" Angle="288.0" Type="End" />
  <Minutia X="301" Y="509" Angle="292.0" Type="End" />
  <Minutia X="484" Y="490" Angle="279.0" Type="End" />
  <Minutia X="434" Y="544" Angle="143.0" Type="Bifurcation" />
  <Minutia X="474" Y="493" Angle="124.0" Type="Bifurcation" />
  <Minutia X="495" Y="476" Angle="114.0" Type="End" />
  <Minutia X="245" Y="432" Angle="117.0" Type="Bifurcation" />
  <Minutia X="280" Y="464" Angle="113.0" Type="Bifurcation" />
  <Minutia X="412" Y="476" Angle="115.0" Type="End" />
  <Minutia X="269" Y="427" Angle="107.0" Type="Bifurcation" />
  <Minutia X="301" Y="453" Angle="109.0" Type="End" />
  <Minutia X="310" Y="367" Angle="108.0" Type="End" />
  <Minutia X="325" Y="436" Angle="111.0" Type="Bifurcation" />
  <Minutia X="360" Y="371" Angle="97.0" Type="Bifurcation" />
  <Minutia X="336" Y="356" Angle="94.0" Type="End" />
</MinutiaeList>