<MinutiaeList>
  <Minutia X="616" Y="502" Angle="84.0" Type="End" />
  <Minutia X="442" Y="395" Angle="75.0" Type="Bifurcation" />
  <Minutia X="307" Y="382" Angle="78.0" Type="Bifurcation" />
  <Minutia X="629" Y="505" Angle="74.0" Type="End" />
  <Minutia X="540" Y="420" Angle="78.0" Type="Bifurcation" />
  <Minutia X="600" Y="464" Angle="72.0" Type="End" />
  <Minutia X="343" Y="368" Angle="69.0" Type="End" />
  <Minutia X="400" Y="429" Angle="73.0" Type="Bifurcation" />
  <Minutia X="609" Y="382" Angle="69.0" Type="End" />
  <Minutia X="584" Y="365" Angle="69.0" Type="End" />
  <Minutia X="362" Y="297" Angle="58.0" Type="End" />
  <Minutia X="367" Y="255" Angle="45.0" Type="End" />
  <Minutia X="263" Y="323" Angle="357.0" Type="Bifurcation" />
  <Minutia X="268" Y="488" Angle="283.0" Type="Bifurcation" />
  <Minutia X="365" Y="490" Angle="276.0" Type="Bifurcation" />
  <Minutia X="315" Y="474" Angle="265.0" Type="Bifurcation" />
  <Minutia X="336" Y="457" Angle="259.0" Type="End" />
  <Minutia X="424" Y="490" Angle="264.0" Type="End" />
  <Minutia X="296" Y="393" Angle="224.0" Type="Bifurcation" />
  <Minutia X="268" Y="307" Angle="157.0" Type="End" />
</MinutiaeList>