<MinutiaeList>
  <Minutia X="481" Y="344" Angle="79.0" Type="End" />
  <Minutia X="446" Y="342" Angle="76.0" Type="Bifurcation" />
  <Minutia X="457" Y="301" Angle="50.0" Type="End" />
  <Minutia X="459" Y="221" Angle="9.0" Type="Bifurcation" />
  <Minutia X="439" Y="140" Angle="2.0" Type="End" />
  <Minutia X="438" Y="238" Angle="358.0" Type="Bifurcation" />
  <Minutia X="354" Y="563" Angle="0.0" Type="End" />
  <Minutia X="268" Y="582" Angle="359.0" Type="Bifurcation" />
  <Minutia X="275" Y="510" Angle="351.0" Type="End" />
  <Minutia X="252" Y="536" Angle="353.0" Type="End" />
  <Minutia X="358" Y="539" Angle="351.0" Type="End" />
  <Minutia X="428" Y="284" Angle="351.0" Type="Bifurcation" />
  <Minutia X="350" Y="524" Angle="350.0" Type="End" />
  <Minutia X="320" Y="489" Angle="337.0" Type="Bifurcation" />
  <Minutia X="412" Y="224" Angle="334.0" Type="End" />
  <Minutia X="371" Y="514" Angle="336.0" Type="End" />
  <Minutia X="274" Y="494" Angle="330.0" Type="End" />
  <Minutia X="397" Y="495" Angle="319.0" Type="End" />
  <Minutia X="347" Y="193" Angle="313.0" Type="End" />
  <Minutia X="254" Y="162" Angle="310.0" Type="End" />
  <Minutia X="391" Y="316" Angle="309.0" Type="Bifurcation" />
  <Minutia X="283" Y="430" Angle="301.0" Type="End" />
  <Minutia X="287" Y="209" Angle="303.0" Type="End" />
  <Minutia X="386" Y="304" Angle="297.0" Type="Bifurcation" />
  <Minutia X="341" Y="379" Angle="289.0" Type="Bifurcation" />
  <Minutia X="404" Y="402" Angle="288.0" Type="End" />
  <Minutia X="367" Y="320" Angle="289.0" Type="Bifurcation" />
  <Minutia X="305" Y="400" Angle="291.0" Type="End" />
  <Minutia X="284" Y="318" Angle="286.0" Type="End" />
  <Minutia X="356" Y="570" Angle="176.0" Type="End" />
  <Minutia X="252" Y="599" Angle="177.0" Type="End" />
  <Minutia X="330" Y="147" Angle="129.0" Type="Bifurcation" />
  <Minutia X="296" Y="138" Angle="129.0" Type="End" />
  <Minutia X="410" Y="257" Angle="119.0" Type="End" />
  <Minutia X="386" Y="265" Angle="114.0" Type="End" />
  <Minutia X="275" Y="346" Angle="114.0" Type="End" />
  <Minutia X="288" Y="302" Angle="107.0" Type="End" />
  <Minutia X="271" Y="317" Angle="111.0" Type="End" />
  <Minutia X="418" Y="369" Angle="106.0" Type="End" />
  <Minutia X="433" Y="350" Angle="103.0" Type="End" />
  <Minutia X="443" Y="364" Angle="99.0" Type="Bifurcation" />
</MinutiaeList>