<MinutiaeList>
  <Minutia X="463" Y="472" Angle="86.0" Type="End" />
  <Minutia X="436" Y="460" Angle="89.0" Type="Bifurcation" />
  <Minutia X="478" Y="508" Angle="88.0" Type="Bifurcation" />
  <Minutia X="386" Y="455" Angle="85.0" Type="End" />
  <Minutia X="500" Y="478" Angle="78.0" Type="End" />
  <Minutia X="488" Y="448" Angle="75.0" Type="End" />
  <Minutia X="426" Y="428" Angle="73.0" Type="Bifurcation" />
  <Minutia X="449" Y="411" Angle="66.0" Type="Bifurcation" />
  <Minutia X="338" Y="493" Angle="55.0" Type="Bifurcation" />
  <Minutia X="330" Y="533" Angle="49.0" Type="Bifurcation" />
  <Minutia X="381" Y="526" Angle="182.0" Type="Bifurcation" />
  <Minutia X="393" Y="535" Angle="147.0" Type="Bifurcation" />
  <Minutia X="402" Y="470" Angle="110.0" Type="Bifurcation" />
  <Minutia X="419" Y="512" Angle="111.0" Type="Bifurcation" />
  <Minutia X="428" Y="466" Angle="99.0" Type="Bifurcation" />
  <Minutia X="435" Y="494" Angle="93.0" Type="Bifurcation" />
  <Minutia X="353" Y="450" Angle="90.0" Type="Bifurcation" />
</MinutiaeList>