<MinutiaeList>
  <Minutia X="454" Y="162" Angle="346.0" Type="End" />
  <Minutia X="417" Y="190" Angle="333.0" Type="End" />
  <Minutia X="444" Y="369" Angle="335.0" Type="End" />
  <Minutia X="389" Y="95" Angle="331.0" Type="End" />
  <Minutia X="414" Y="166" Angle="329.0" Type="End" />
  <Minutia X="400" Y="316" Angle="321.0" Type="End" />
  <Minutia X="470" Y="558" Angle="324.0" Type="End" />
  <Minutia X="438" Y="394" Angle="324.0" Type="End" />
  <Minutia X="308" Y="275" Angle="317.0" Type="End" />
  <Minutia X="390" Y="250" Angle="320.0" Type="End" />
  <Minutia X="443" Y="542" Angle="316.0" Type="End" />
  <Minutia X="413" Y="546" Angle="316.0" Type="End" />
  <Minutia X="330" Y="159" Angle="312.0" Type="Bifurcation" />
  <Minutia X="270" Y="261" Angle="315.0" Type="End" />
  <Minutia X="375" Y="425" Angle="312.0" Type="End" />
  <Minutia X="292" Y="147" Angle="311.0" Type="End" />
  <Minutia X="366" Y="418" Angle="306.0" Type="End" />
  <Minutia X="270" Y="114" Angle="307.0" Type="Bifurcation" />
  <Minutia X="365" Y="272" Angle="309.0" Type="End" />
  <Minutia X="340" Y="410" Angle="305.0" Type="End" />
  <Minutia X="236" Y="216" Angle="307.0" Type="End" />
  <Minutia X="350" Y="236" Angle="309.0" Type="End" />
  <Minutia X="375" Y="381" Angle="306.0" Type="Bifurcation" />
  <Minutia X="295" Y="440" Angle="308.0" Type="Bifurcation" />
  <Minutia X="358" Y="371" Angle="302.0" Type="End" />
  <Minutia X="427" Y="555" Angle="147.0" Type="End" />
  <Minutia X="446" Y="323" Angle="150.0" Type="End" />
  <Minutia X="255" Y="346" Angle="143.0" Type="End" />
  <Minutia X="364" Y="250" Angle="135.0" Type="End" />
  <Minutia X="445" Y="503" Angle="135.0" Type="End" />
  <Minutia X="420" Y="264" Angle="140.0" Type="End" />
  <Minutia X="368" Y="514" Angle="133.0" Type="End" />
  <Minutia X="261" Y="244" Angle="132.0" Type="Bifurcation" />
  <Minutia X="377" Y="366" Angle="131.0" Type="End" />
  <Minutia X="240" Y="320" Angle="133.0" Type="Bifurcation" />
  <Minutia X="346" Y="283" Angle="131.0" Type="End" />
  <Minutia X="281" Y="141" Angle="129.0" Type="End" />
</MinutiaeList>