<MinutiaeList>
  <Minutia X="251" Y="470" Angle="85.0" Type="Bifurcation" />
  <Minutia X="447" Y="463" Angle="85.0" Type="End" />
  <Minutia X="455" Y="432" Angle="76.0" Type="Bifurcation" />
  <Minutia X="472" Y="424" Angle="67.0" Type="End" />
  <Minutia X="483" Y="402" Angle="63.0" Type="Bifurcation" />
  <Minutia X="496" Y="401" Angle="56.0" Type="Bifurcation" />
  <Minutia X="455" Y="343" Angle="38.0" Type="End" />
  <Minutia X="389" Y="388" Angle="35.0" Type="End" />
  <Minutia X="392" Y="364" Angle="12.0" Type="End" />
  <Minutia X="382" Y="290" Angle="355.0" Type="End" />
  <Minutia X="560" Y="650" Angle="354.0" Type="End" />
  <Minutia X="349" Y="374" Angle="341.0" Type="End" />
  <Minutia X="549" Y="619" Angle="333.0" Type="Bifurcation" />
  <Minutia X="349" Y="592" Angle="328.0" Type="End" />
  <Minutia X="505" Y="627" Angle="328.0" Type="End" />
  <Minutia X="482" Y="620" Angle="331.0" Type="End" />
  <Minutia X="317" Y="266" Angle="325.0" Type="End" />
  <Minutia X="405" Y="606" Angle="326.0" Type="Bifurcation" />
  <Minutia X="335" Y="371" Angle="325.0" Type="End" />
  <Minutia X="371" Y="586" Angle="323.0" Type="End" />
  <Minutia X="465" Y="623" Angle="326.0" Type="End" />
  <Minutia X="312" Y="218" Angle="321.0" Type="End" />
  <Minutia X="533" Y="605" Angle="318.0" Type="End" />
  <Minutia X="446" Y="608" Angle="312.0" Type="End" />
  <Minutia X="358" Y="563" Angle="311.0" Type="End" />
  <Minutia X="510" Y="591" Angle="306.0" Type="Bifurcation" />
  <Minutia X="389" Y="564" Angle="305.0" Type="End" />
  <Minutia X="469" Y="585" Angle="305.0" Type="Bifurcation" />
  <Minutia X="283" Y="342" Angle="304.0" Type="End" />
  <Minutia X="302" Y="378" Angle="301.0" Type="End" />
  <Minutia X="215" Y="328" Angle="302.0" Type="Bifurcation" />
  <Minutia X="439" Y="575" Angle="294.0" Type="End" />
  <Minutia X="276" Y="390" Angle="295.0" Type="Bifurcation" />
  <Minutia X="422" Y="556" Angle="293.0" Type="End" />
  <Minutia X="490" Y="564" Angle="290.0" Type="Bifurcation" />
  <Minutia X="542" Y="569" Angle="290.0" Type="End" />
  <Minutia X="460" Y="549" Angle="285.0" Type="Bifurcation" />
  <Minutia X="385" Y="524" Angle="283.0" Type="End" />
  <Minutia X="331" Y="460" Angle="280.0" Type="Bifurcation" />
  <Minutia X="355" Y="503" Angle="280.0" Type="Bifurcation" />
  <Minutia X="260" Y="468" Angle="277.0" Type="End" />
  <Minutia X="345" Y="466" Angle="278.0" Type="Bifurcation" />
  <Minutia X="343" Y="528" Angle="272.0" Type="End" />
  <Minutia X="371" Y="504" Angle="275.0" Type="Bifurcation" />
  <Minutia X="253" Y="500" Angle="265.0" Type="Bifurcation" />
  <Minutia X="455" Y="484" Angle="264.0" Type="End" />
  <Minutia X="308" Y="522" Angle="256.0" Type="End" />
  <Minutia X="483" Y="452" Angle="249.0" Type="Bifurcation" />
  <Minutia X="331" Y="532" Angle="248.0" Type="End" />
  <Minutia X="318" Y="531" Angle="253.0" Type="End" />
  <Minutia X="305" Y="609" Angle="203.0" Type="End" />
  <Minutia X="341" Y="553" Angle="203.0" Type="End" />
  <Minutia X="318" Y="614" Angle="180.0" Type="End" />
  <Minutia X="355" Y="582" Angle="169.0" Type="End" />
  <Minutia X="373" Y="547" Angle="135.0" Type="End" />
  <Minutia X="465" Y="580" Angle="128.0" Type="End" />
  <Minutia X="256" Y="262" Angle="121.0" Type="End" />
  <Minutia X="395" Y="524" Angle="119.0" Type="Bifurcation" />
  <Minutia X="291" Y="373" Angle="122.0" Type="Bifurcation" />
  <Minutia X="410" Y="528" Angle="115.0" Type="End" />
  <Minutia X="259" Y="326" Angle="115.0" Type="End" />
  <Minutia X="422" Y="531" Angle="111.0" Type="End" />
  <Minutia X="396" Y="449" Angle="102.0" Type="Bifurcation" />
  <Minutia X="228" Y="442" Angle="99.0" Type="Bifurcation" />
  <Minutia X="267" Y="434" Angle="99.0" Type="End" />
  <Minutia X="438" Y="497" Angle="98.0" Type="Bifurcation" />
  <Minutia X="447" Y="528" Angle="100.0" Type="End" />
  <Minutia X="433" Y="478" Angle="99.0" Type="End" />
  <Minutia X="465" Y="495" Angle="94.0" Type="End" />
  <Minutia X="375" Y="424" Angle="90.0" Type="End" />
</MinutiaeList>