<MinutiaeList>
  <Minutia X="567" Y="573" Angle="86.0" Type="End" />
  <Minutia X="261" Y="523" Angle="88.0" Type="End" />
  <Minutia X="444" Y="469" Angle="79.0" Type="End" />
  <Minutia X="347" Y="478" Angle="82.0" Type="End" />
  <Minutia X="522" Y="519" Angle="84.0" Type="Bifurcation" />
  <Minutia X="484" Y="467" Angle="75.0" Type="Bifurcation" />
  <Minutia X="529" Y="476" Angle="69.0" Type="End" />
  <Minutia X="298" Y="540" Angle="70.0" Type="End" />
  <Minutia X="537" Y="498" Angle="72.0" Type="Bifurcation" />
  <Minutia X="371" Y="470" Angle="67.0" Type="End" />
  <Minutia X="289" Y="561" Angle="66.0" Type="Bifurcation" />
  <Minutia X="305" Y="527" Angle="66.0" Type="End" />
  <Minutia X="575" Y="387" Angle="59.0" Type="End" />
  <Minutia X="477" Y="428" Angle="61.0" Type="End" />
  <Minutia X="588" Y="479" Angle="59.0" Type="Bifurcation" />
  <Minutia X="570" Y="430" Angle="54.0" Type="End" />
  <Minutia X="640" Y="274" Angle="56.0" Type="End" />
  <Minutia X="398" Y="422" Angle="53.0" Type="End" />
  <Minutia X="624" Y="382" Angle="46.0" Type="End" />
  <Minutia X="601" Y="538" Angle="41.0" Type="Bifurcation" />
  <Minutia X="585" Y="563" Angle="39.0" Type="End" />
  <Minutia X="352" Y="549" Angle="38.0" Type="Bifurcation" />
  <Minutia X="632" Y="500" Angle="26.0" Type="End" />
  <Minutia X="382" Y="556" Angle="337.0" Type="End" />
  <Minutia X="555" Y="629" Angle="295.0" Type="End" />
  <Minutia X="325" Y="586" Angle="238.0" Type="Bifurcation" />
  <Minutia X="673" Y="322" Angle="237.0" Type="End" />
  <Minutia X="614" Y="318" Angle="237.0" Type="End" />
  <Minutia X="596" Y="378" Angle="232.0" Type="Bifurcation" />
  <Minutia X="625" Y="528" Angle="230.0" Type="Bifurcation" />
  <Minutia X="360" Y="567" Angle="217.0" Type="Bifurcation" />
  <Minutia X="603" Y="579" Angle="216.0" Type="End" />
  <Minutia X="678" Y="429" Angle="218.0" Type="End" />
  <Minutia X="652" Y="488" Angle="216.0" Type="End" />
  <Minutia X="416" Y="551" Angle="149.0" Type="Bifurcation" />
  <Minutia X="343" Y="397" Angle="144.0" Type="End" />
  <Minutia X="479" Y="601" Angle="139.0" Type="End" />
  <Minutia X="348" Y="437" Angle="129.0" Type="End" />
  <Minutia X="440" Y="525" Angle="113.0" Type="End" />
  <Minutia X="299" Y="464" Angle="110.0" Type="Bifurcation" />
  <Minutia X="428" Y="500" Angle="110.0" Type="Bifurcation" />
  <Minutia X="475" Y="530" Angle="102.0" Type="End" />
  <Minutia X="317" Y="455" Angle="103.0" Type="End" />
  <Minutia X="577" Y="594" Angle="99.0" Type="End" />
  <Minutia X="563" Y="576" Angle="99.0" Type="End" />
  <Minutia X="555" Y="551" Angle="93.0" Type="End" />
  <Minutia X="331" Y="461" Angle="94.0" Type="End" />
</MinutiaeList>