<MinutiaeList>
  <Minutia X="365" Y="461" Angle="20.0" Type="End" />
  <Minutia X="359" Y="487" Angle="19.0" Type="End" />
  <Minutia X="312" Y="484" Angle="20.0" Type="End" />
  <Minutia X="335" Y="486" Angle="14.0" Type="End" />
  <Minutia X="475" Y="282" Angle="8.0" Type="End" />
  <Minutia X="449" Y="263" Angle="353.0" Type="End" />
  <Minutia X="337" Y="465" Angle="351.0" Type="End" />
  <Minutia X="289" Y="439" Angle="346.0" Type="End" />
  <Minutia X="435" Y="134" Angle="344.0" Type="End" />
  <Minutia X="319" Y="448" Angle="345.0" Type="End" />
  <Minutia X="430" Y="179" Angle="341.0" Type="End" />
  <Minutia X="312" Y="440" Angle="336.0" Type="End" />
  <Minutia X="393" Y="167" Angle="327.0" Type="End" />
  <Minutia X="298" Y="300" Angle="327.0" Type="End" />
  <Minutia X="420" Y="171" Angle="330.0" Type="End" />
  <Minutia X="371" Y="240" Angle="321.0" Type="End" />
  <Minutia X="301" Y="163" Angle="321.0" Type="End" />
  <Minutia X="313" Y="262" Angle="326.0" Type="End" />
  <Minutia X="273" Y="352" Angle="325.0" Type="End" />
  <Minutia X="307" Y="350" Angle="324.0" Type="End" />
  <Minutia X="362" Y="439" Angle="321.0" Type="End" />
  <Minutia X="337" Y="344" Angle="322.0" Type="End" />
  <Minutia X="318" Y="416" Angle="322.0" Type="End" />
  <Minutia X="297" Y="202" Angle="321.0" Type="End" />
  <Minutia X="275" Y="228" Angle="321.0" Type="End" />
  <Minutia X="295" Y="129" Angle="323.0" Type="End" />
  <Minutia X="345" Y="131" Angle="318.0" Type="End" />
  <Minutia X="351" Y="359" Angle="317.0" Type="End" />
  <Minutia X="399" Y="324" Angle="318.0" Type="End" />
  <Minutia X="347" Y="283" Angle="319.0" Type="End" />
  <Minutia X="389" Y="141" Angle="318.0" Type="End" />
  <Minutia X="389" Y="277" Angle="316.0" Type="End" />
  <Minutia X="287" Y="113" Angle="311.0" Type="End" />
  <Minutia X="393" Y="361" Angle="315.0" Type="End" />
  <Minutia X="439" Y="394" Angle="314.0" Type="End" />
  <Minutia X="393" Y="457" Angle="263.0" Type="End" />
  <Minutia X="440" Y="463" Angle="262.0" Type="End" />
  <Minutia X="418" Y="485" Angle="251.0" Type="End" />
  <Minutia X="502" Y="387" Angle="242.0" Type="End" />
  <Minutia X="515" Y="353" Angle="239.0" Type="End" />
  <Minutia X="402" Y="485" Angle="225.0" Type="End" />
  <Minutia X="395" Y="515" Angle="213.0" Type="End" />
  <Minutia X="381" Y="487" Angle="204.0" Type="End" />
  <Minutia X="476" Y="371" Angle="175.0" Type="End" />
  <Minutia X="473" Y="333" Angle="162.0" Type="End" />
  <Minutia X="381" Y="443" Angle="157.0" Type="End" />
  <Minutia X="453" Y="271" Angle="155.0" Type="End" />
  <Minutia X="429" Y="149" Angle="148.0" Type="End" />
  <Minutia X="452" Y="309" Angle="151.0" Type="End" />
  <Minutia X="268" Y="160" Angle="143.0" Type="End" />
  <Minutia X="338" Y="274" Angle="145.0" Type="End" />
  <Minutia X="356" Y="305" Angle="144.0" Type="End" />
  <Minutia X="363" Y="346" Angle="141.0" Type="End" />
  <Minutia X="395" Y="217" Angle="145.0" Type="End" />
  <Minutia X="367" Y="265" Angle="139.0" Type="End" />
  <Minutia X="409" Y="256" Angle="138.0" Type="End" />
  <Minutia X="391" Y="423" Angle="133.0" Type="End" />
  <Minutia X="363" Y="362" Angle="134.0" Type="End" />
  <Minutia X="314" Y="122" Angle="133.0" Type="End" />
  <Minutia X="315" Y="179" Angle="134.0" Type="End" />
  <Minutia X="408" Y="401" Angle="121.0" Type="End" />
  <Minutia X="377" Y="345" Angle="113.0" Type="End" />
  <Minutia X="415" Y="403" Angle="118.0" Type="End" />
  <Minutia X="441" Y="414" Angle="96.0" Type="End" />
</MinutiaeList>