<MinutiaeList>
  <Minutia X="305" Y="534" Angle="89.0" Type="End" />
  <Minutia X="337" Y="468" Angle="87.0" Type="End" />
  <Minutia X="486" Y="378" Angle="86.0" Type="Bifurcation" />
  <Minutia X="439" Y="442" Angle="81.0" Type="End" />
  <Minutia X="423" Y="453" Angle="74.0" Type="End" />
  <Minutia X="311" Y="566" Angle="54.0" Type="End" />
  <Minutia X="395" Y="686" Angle="2.0" Type="End" />
  <Minutia X="263" Y="624" Angle="5.0" Type="Bifurcation" />
  <Minutia X="419" Y="628" Angle="0.0" Type="End" />
  <Minutia X="346" Y="659" Angle="359.0" Type="End" />
  <Minutia X="273" Y="611" Angle="356.0" Type="End" />
  <Minutia X="285" Y="594" Angle="343.0" Type="End" />
  <Minutia X="459" Y="312" Angle="310.0" Type="Bifurcation" />
  <Minutia X="154" Y="337" Angle="306.0" Type="Bifurcation" />
  <Minutia X="446" Y="300" Angle="300.0" Type="Bifurcation" />
  <Minutia X="199" Y="345" Angle="297.0" Type="Bifurcation" />
  <Minutia X="253" Y="572" Angle="297.0" Type="End" />
  <Minutia X="190" Y="512" Angle="295.0" Type="End" />
  <Minutia X="195" Y="279" Angle="297.0" Type="End" />
  <Minutia X="320" Y="286" Angle="292.0" Type="End" />
  <Minutia X="235" Y="483" Angle="287.0" Type="End" />
  <Minutia X="233" Y="401" Angle="291.0" Type="End" />
  <Minutia X="390" Y="235" Angle="289.0" Type="End" />
  <Minutia X="248" Y="363" Angle="288.0" Type="End" />
  <Minutia X="423" Y="372" Angle="282.0" Type="End" />
  <Minutia X="289" Y="280" Angle="286.0" Type="End" />
  <Minutia X="343" Y="360" Angle="284.0" Type="End" />
  <Minutia X="150" Y="254" Angle="283.0" Type="End" />
  <Minutia X="391" Y="358" Angle="284.0" Type="End" />
  <Minutia X="291" Y="200" Angle="278.0" Type="End" />
  <Minutia X="297" Y="403" Angle="277.0" Type="End" />
  <Minutia X="311" Y="226" Angle="276.0" Type="End" />
  <Minutia X="367" Y="300" Angle="276.0" Type="End" />
  <Minutia X="380" Y="276" Angle="277.0" Type="End" />
  <Minutia X="266" Y="209" Angle="271.0" Type="End" />
  <Minutia X="501" Y="504" Angle="274.0" Type="Bifurcation" />
  <Minutia X="441" Y="460" Angle="265.0" Type="End" />
  <Minutia X="487" Y="423" Angle="267.0" Type="Bifurcation" />
  <Minutia X="375" Y="456" Angle="263.0" Type="End" />
  <Minutia X="453" Y="456" Angle="262.0" Type="End" />
  <Minutia X="482" Y="534" Angle="256.0" Type="End" />
  <Minutia X="429" Y="466" Angle="258.0" Type="End" />
  <Minutia X="416" Y="504" Angle="248.0" Type="End" />
  <Minutia X="445" Y="551" Angle="242.0" Type="End" />
  <Minutia X="352" Y="564" Angle="237.0" Type="End" />
  <Minutia X="420" Y="569" Angle="231.0" Type="Bifurcation" />
  <Minutia X="466" Y="559" Angle="227.0" Type="End" />
  <Minutia X="392" Y="569" Angle="227.0" Type="Bifurcation" />
  <Minutia X="476" Y="552" Angle="226.0" Type="End" />
  <Minutia X="363" Y="600" Angle="205.0" Type="Bifurcation" />
  <Minutia X="347" Y="608" Angle="202.0" Type="End" />
  <Minutia X="439" Y="601" Angle="193.0" Type="End" />
  <Minutia X="402" Y="592" Angle="195.0" Type="Bifurcation" />
  <Minutia X="321" Y="636" Angle="188.0" Type="End" />
  <Minutia X="453" Y="640" Angle="182.0" Type="End" />
  <Minutia X="403" Y="640" Angle="184.0" Type="End" />
  <Minutia X="357" Y="648" Angle="180.0" Type="Bifurcation" />
  <Minutia X="291" Y="674" Angle="173.0" Type="Bifurcation" />
  <Minutia X="222" Y="549" Angle="137.0" Type="Bifurcation" />
  <Minutia X="180" Y="326" Angle="121.0" Type="End" />
  <Minutia X="223" Y="288" Angle="114.0" Type="End" />
  <Minutia X="259" Y="309" Angle="115.0" Type="End" />
  <Minutia X="175" Y="459" Angle="116.0" Type="End" />
  <Minutia X="249" Y="364" Angle="114.0" Type="End" />
  <Minutia X="298" Y="253" Angle="107.0" Type="End" />
  <Minutia X="274" Y="265" Angle="111.0" Type="Bifurcation" />
  <Minutia X="210" Y="372" Angle="112.0" Type="End" />
  <Minutia X="292" Y="302" Angle="106.0" Type="End" />
  <Minutia X="350" Y="330" Angle="105.0" Type="End" />
  <Minutia X="227" Y="449" Angle="104.0" Type="End" />
  <Minutia X="269" Y="504" Angle="106.0" Type="End" />
  <Minutia X="259" Y="401" Angle="106.0" Type="End" />
  <Minutia X="277" Y="430" Angle="102.0" Type="End" />
  <Minutia X="298" Y="392" Angle="98.0" Type="End" />
  <Minutia X="377" Y="236" Angle="98.0" Type="Bifurcation" />
  <Minutia X="310" Y="403" Angle="96.0" Type="End" />
  <Minutia X="303" Y="353" Angle="101.0" Type="End" />
  <Minutia X="530" Y="424" Angle="93.0" Type="End" />
  <Minutia X="380" Y="402" Angle="93.0" Type="End" />
  <Minutia X="266" Y="161" Angle="92.0" Type="End" />
  <Minutia X="337" Y="224" Angle="92.0" Type="End" />
  <Minutia X="291" Y="514" Angle="91.0" Type="End" />
</MinutiaeList>