<MinutiaeList>
  <Minutia X="533" Y="514" Angle="85.0" Type="Bifurcation" />
  <Minutia X="415" Y="455" Angle="87.0" Type="Bifurcation" />
  <Minutia X="461" Y="467" Angle="83.0" Type="Bifurcation" />
  <Minutia X="452" Y="470" Angle="84.0" Type="Bifurcation" />
  <Minutia X="486" Y="481" Angle="81.0" Type="End" />
  <Minutia X="521" Y="485" Angle="77.0" Type="Bifurcation" />
  <Minutia X="473" Y="424" Angle="68.0" Type="Bifurcation" />
  <Minutia X="498" Y="430" Angle="65.0" Type="Bifurcation" />
  <Minutia X="531" Y="461" Angle="63.0" Type="End" />
  <Minutia X="546" Y="442" Angle="57.0" Type="End" />
  <Minutia X="538" Y="457" Angle="57.0" Type="Bifurcation" />
  <Minutia X="517" Y="364" Angle="51.0" Type="End" />
  <Minutia X="555" Y="373" Angle="46.0" Type="End" />
  <Minutia X="512" Y="649" Angle="347.0" Type="End" />
  <Minutia X="446" Y="668" Angle="345.0" Type="End" />
  <Minutia X="583" Y="603" Angle="342.0" Type="End" />
  <Minutia X="534" Y="619" Angle="341.0" Type="End" />
  <Minutia X="564" Y="569" Angle="337.0" Type="End" />
  <Minutia X="558" Y="583" Angle="333.0" Type="Bifurcation" />
  <Minutia X="450" Y="620" Angle="323.0" Type="Bifurcation" />
  <Minutia X="520" Y="603" Angle="317.0" Type="End" />
  <Minutia X="500" Y="593" Angle="310.0" Type="End" />
  <Minutia X="530" Y="574" Angle="306.0" Type="End" />
  <Minutia X="448" Y="602" Angle="297.0" Type="Bifurcation" />
  <Minutia X="426" Y="616" Angle="298.0" Type="End" />
  <Minutia X="389" Y="573" Angle="294.0" Type="Bifurcation" />
  <Minutia X="511" Y="570" Angle="291.0" Type="End" />
  <Minutia X="346" Y="593" Angle="291.0" Type="End" />
  <Minutia X="486" Y="597" Angle="289.0" Type="End" />
  <Minutia X="375" Y="590" Angle="285.0" Type="End" />
  <Minutia X="475" Y="563" Angle="280.0" Type="End" />
  <Minutia X="471" Y="497" Angle="259.0" Type="End" />
  <Minutia X="577" Y="498" Angle="234.0" Type="End" />
  <Minutia X="626" Y="496" Angle="210.0" Type="End" />
  <Minutia X="600" Y="540" Angle="202.0" Type="End" />
  <Minutia X="589" Y="553" Angle="193.0" Type="End" />
  <Minutia X="479" Y="659" Angle="164.0" Type="End" />
  <Minutia X="602" Y="584" Angle="154.0" Type="Bifurcation" />
  <Minutia X="588" Y="571" Angle="156.0" Type="End" />
  <Minutia X="570" Y="552" Angle="135.0" Type="End" />
  <Minutia X="451" Y="569" Angle="117.0" Type="End" />
  <Minutia X="486" Y="563" Angle="111.0" Type="Bifurcation" />
  <Minutia X="347" Y="503" Angle="104.0" Type="End" />
  <Minutia X="416" Y="535" Angle="104.0" Type="Bifurcation" />
  <Minutia X="545" Y="532" Angle="101.0" Type="End" />
</MinutiaeList>