<MinutiaeList>
  <Minutia X="233" Y="455" Angle="82.0" Type="End" />
  <Minutia X="338" Y="497" Angle="84.0" Type="End" />
  <Minutia X="205" Y="471" Angle="77.0" Type="Bifurcation" />
  <Minutia X="176" Y="520" Angle="71.0" Type="End" />
  <Minutia X="239" Y="480" Angle="67.0" Type="End" />
  <Minutia X="160" Y="572" Angle="57.0" Type="End" />
  <Minutia X="219" Y="541" Angle="56.0" Type="Bifurcation" />
  <Minutia X="310" Y="391" Angle="46.0" Type="End" />
  <Minutia X="251" Y="521" Angle="46.0" Type="Bifurcation" />
  <Minutia X="254" Y="571" Angle="33.0" Type="End" />
  <Minutia X="285" Y="567" Angle="20.0" Type="Bifurcation" />
  <Minutia X="261" Y="338" Angle="12.0" Type="End" />
  <Minutia X="246" Y="320" Angle="2.0" Type="Bifurcation" />
  <Minutia X="240" Y="398" Angle="350.0" Type="End" />
  <Minutia X="187" Y="297" Angle="341.0" Type="End" />
  <Minutia X="143" Y="352" Angle="328.0" Type="End" />
  <Minutia X="224" Y="449" Angle="306.0" Type="End" />
  <Minutia X="237" Y="476" Angle="268.0" Type="End" />
  <Minutia X="177" Y="599" Angle="222.0" Type="Bifurcation" />
  <Minutia X="261" Y="594" Angle="221.0" Type="End" />
  <Minutia X="221" Y="594" Angle="222.0" Type="Bifurcation" />
  <Minutia X="241" Y="599" Angle="219.0" Type="End" />
  <Minutia X="283" Y="585" Angle="214.0" Type="End" />
  <Minutia X="202" Y="601" Angle="216.0" Type="End" />
  <Minutia X="306" Y="404" Angle="211.0" Type="End" />
  <Minutia X="250" Y="624" Angle="194.0" Type="End" />
  <Minutia X="223" Y="632" Angle="186.0" Type="End" />
  <Minutia X="191" Y="612" Angle="187.0" Type="Bifurcation" />
  <Minutia X="294" Y="341" Angle="189.0" Type="Bifurcation" />
  <Minutia X="171" Y="625" Angle="171.0" Type="End" />
  <Minutia X="237" Y="383" Angle="158.0" Type="End" />
  <Minutia X="107" Y="408" Angle="123.0" Type="End" />
  <Minutia X="115" Y="465" Angle="106.0" Type="Bifurcation" />
  <Minutia X="145" Y="548" Angle="106.0" Type="End" />
  <Minutia X="319" Y="500" Angle="104.0" Type="Bifurcation" />
  <Minutia X="139" Y="516" Angle="102.0" Type="End" />
  <Minutia X="304" Y="482" Angle="103.0" Type="End" />
  <Minutia X="188" Y="435" Angle="98.0" Type="End" />
  <Minutia X="147" Y="460" Angle="101.0" Type="Bifurcation" />
  <Minutia X="157" Y="560" Angle="98.0" Type="End" />
</MinutiaeList>