<MinutiaeList>
  <Minutia X="385" Y="448" Angle="85.0" Type="End" />
  <Minutia X="278" Y="471" Angle="81.0" Type="End" />
  <Minutia X="235" Y="475" Angle="80.0" Type="End" />
  <Minutia X="578" Y="496" Angle="83.0" Type="End" />
  <Minutia X="575" Y="391" Angle="79.0" Type="End" />
  <Minutia X="531" Y="358" Angle="77.0" Type="End" />
  <Minutia X="346" Y="469" Angle="68.0" Type="End" />
  <Minutia X="604" Y="465" Angle="63.0" Type="End" />
  <Minutia X="601" Y="333" Angle="67.0" Type="End" />
  <Minutia X="652" Y="388" Angle="63.0" Type="End" />
  <Minutia X="494" Y="140" Angle="39.0" Type="End" />
  <Minutia X="435" Y="153" Angle="32.0" Type="End" />
  <Minutia X="455" Y="217" Angle="28.0" Type="End" />
  <Minutia X="379" Y="237" Angle="12.0" Type="End" />
  <Minutia X="345" Y="200" Angle="356.0" Type="Bifurcation" />
  <Minutia X="329" Y="270" Angle="351.0" Type="End" />
  <Minutia X="285" Y="149" Angle="353.0" Type="End" />
  <Minutia X="578" Y="596" Angle="333.0" Type="End" />
  <Minutia X="253" Y="169" Angle="334.0" Type="End" />
  <Minutia X="322" Y="365" Angle="333.0" Type="End" />
  <Minutia X="645" Y="597" Angle="336.0" Type="End" />
  <Minutia X="251" Y="140" Angle="330.0" Type="End" />
  <Minutia X="571" Y="540" Angle="329.0" Type="End" />
  <Minutia X="251" Y="295" Angle="328.0" Type="End" />
  <Minutia X="463" Y="542" Angle="288.0" Type="End" />
  <Minutia X="569" Y="528" Angle="273.0" Type="End" />
  <Minutia X="447" Y="507" Angle="269.0" Type="End" />
  <Minutia X="401" Y="528" Angle="260.0" Type="End" />
  <Minutia X="245" Y="521" Angle="258.0" Type="End" />
  <Minutia X="392" Y="488" Angle="257.0" Type="End" />
  <Minutia X="383" Y="539" Angle="249.0" Type="End" />
  <Minutia X="291" Y="522" Angle="252.0" Type="End" />
  <Minutia X="241" Y="544" Angle="243.0" Type="End" />
  <Minutia X="461" Y="393" Angle="243.0" Type="End" />
  <Minutia X="631" Y="398" Angle="239.0" Type="End" />
  <Minutia X="580" Y="310" Angle="239.0" Type="Bifurcation" />
  <Minutia X="592" Y="153" Angle="232.0" Type="Bifurcation" />
  <Minutia X="640" Y="273" Angle="234.0" Type="Bifurcation" />
  <Minutia X="328" Y="573" Angle="227.0" Type="End" />
  <Minutia X="543" Y="175" Angle="221.0" Type="Bifurcation" />
  <Minutia X="451" Y="174" Angle="214.0" Type="End" />
  <Minutia X="256" Y="561" Angle="217.0" Type="End" />
  <Minutia X="490" Y="251" Angle="214.0" Type="End" />
  <Minutia X="475" Y="311" Angle="207.0" Type="End" />
  <Minutia X="404" Y="568" Angle="203.0" Type="Bifurcation" />
  <Minutia X="616" Y="512" Angle="207.0" Type="Bifurcation" />
  <Minutia X="638" Y="499" Angle="202.0" Type="End" />
  <Minutia X="399" Y="190" Angle="188.0" Type="End" />
  <Minutia X="390" Y="211" Angle="187.0" Type="End" />
  <Minutia X="437" Y="238" Angle="189.0" Type="End" />
  <Minutia X="401" Y="284" Angle="183.0" Type="End" />
  <Minutia X="394" Y="310" Angle="180.0" Type="End" />
  <Minutia X="358" Y="266" Angle="175.0" Type="End" />
  <Minutia X="393" Y="393" Angle="170.0" Type="End" />
  <Minutia X="675" Y="516" Angle="167.0" Type="End" />
  <Minutia X="332" Y="238" Angle="166.0" Type="End" />
  <Minutia X="372" Y="364" Angle="163.0" Type="End" />
  <Minutia X="672" Y="576" Angle="158.0" Type="Bifurcation" />
  <Minutia X="304" Y="165" Angle="159.0" Type="End" />
  <Minutia X="292" Y="108" Angle="156.0" Type="End" />
  <Minutia X="257" Y="156" Angle="151.0" Type="End" />
  <Minutia X="641" Y="509" Angle="148.0" Type="End" />
  <Minutia X="272" Y="287" Angle="145.0" Type="End" />
  <Minutia X="598" Y="534" Angle="146.0" Type="End" />
  <Minutia X="198" Y="351" Angle="127.0" Type="End" />
  <Minutia X="515" Y="520" Angle="119.0" Type="End" />
  <Minutia X="264" Y="370" Angle="119.0" Type="End" />
  <Minutia X="213" Y="400" Angle="117.0" Type="End" />
  <Minutia X="557" Y="463" Angle="92.0" Type="End" />
</MinutiaeList>