<MinutiaeList>
  <Minutia X="447" Y="411" Angle="88.0" Type="End" />
  <Minutia X="510" Y="440" Angle="81.0" Type="Bifurcation" />
  <Minutia X="493" Y="381" Angle="73.0" Type="End" />
  <Minutia X="513" Y="397" Angle="66.0" Type="Bifurcation" />
  <Minutia X="547" Y="422" Angle="64.0" Type="Bifurcation" />
  <Minutia X="493" Y="350" Angle="58.0" Type="Bifurcation" />
  <Minutia X="462" Y="352" Angle="53.0" Type="Bifurcation" />
  <Minutia X="539" Y="329" Angle="54.0" Type="End" />
  <Minutia X="432" Y="365" Angle="48.0" Type="End" />
  <Minutia X="464" Y="316" Angle="35.0" Type="Bifurcation" />
  <Minutia X="548" Y="265" Angle="26.0" Type="End" />
  <Minutia X="437" Y="313" Angle="19.0" Type="Bifurcation" />
  <Minutia X="499" Y="268" Angle="22.0" Type="Bifurcation" />
  <Minutia X="505" Y="249" Angle="22.0" Type="End" />
  <Minutia X="422" Y="331" Angle="8.0" Type="Bifurcation" />
  <Minutia X="431" Y="262" Angle="354.0" Type="Bifurcation" />
  <Minutia X="471" Y="218" Angle="350.0" Type="End" />
  <Minutia X="429" Y="255" Angle="353.0" Type="End" />
  <Minutia X="409" Y="307" Angle="347.0" Type="Bifurcation" />
  <Minutia X="469" Y="190" Angle="346.0" Type="End" />
  <Minutia X="412" Y="189" Angle="341.0" Type="End" />
  <Minutia X="451" Y="163" Angle="336.0" Type="End" />
  <Minutia X="399" Y="245" Angle="337.0" Type="Bifurcation" />
  <Minutia X="404" Y="383" Angle="334.0" Type="Bifurcation" />
  <Minutia X="361" Y="237" Angle="327.0" Type="Bifurcation" />
  <Minutia X="365" Y="311" Angle="331.0" Type="Bifurcation" />
  <Minutia X="393" Y="129" Angle="321.0" Type="Bifurcation" />
  <Minutia X="346" Y="518" Angle="325.0" Type="End" />
  <Minutia X="384" Y="524" Angle="325.0" Type="End" />
  <Minutia X="445" Y="145" Angle="325.0" Type="Bifurcation" />
  <Minutia X="304" Y="289" Angle="317.0" Type="End" />
  <Minutia X="357" Y="133" Angle="315.0" Type="Bifurcation" />
  <Minutia X="283" Y="247" Angle="313.0" Type="End" />
  <Minutia X="373" Y="97" Angle="311.0" Type="Bifurcation" />
  <Minutia X="296" Y="497" Angle="312.0" Type="Bifurcation" />
  <Minutia X="402" Y="468" Angle="308.0" Type="End" />
  <Minutia X="344" Y="455" Angle="302.0" Type="End" />
  <Minutia X="305" Y="462" Angle="294.0" Type="End" />
  <Minutia X="509" Y="261" Angle="193.0" Type="Bifurcation" />
  <Minutia X="444" Y="333" Angle="190.0" Type="Bifurcation" />
  <Minutia X="450" Y="261" Angle="183.0" Type="Bifurcation" />
  <Minutia X="427" Y="388" Angle="165.0" Type="Bifurcation" />
  <Minutia X="451" Y="175" Angle="159.0" Type="End" />
  <Minutia X="246" Y="245" Angle="139.0" Type="End" />
  <Minutia X="377" Y="117" Angle="138.0" Type="Bifurcation" />
  <Minutia X="430" Y="469" Angle="132.0" Type="End" />
  <Minutia X="267" Y="317" Angle="129.0" Type="End" />
  <Minutia X="403" Y="449" Angle="126.0" Type="Bifurcation" />
  <Minutia X="325" Y="333" Angle="128.0" Type="Bifurcation" />
  <Minutia X="277" Y="227" Angle="127.0" Type="Bifurcation" />
  <Minutia X="333" Y="379" Angle="120.0" Type="Bifurcation" />
</MinutiaeList>