<MinutiaeList>
  <Minutia X="457" Y="402" Angle="84.0" Type="End" />
  <Minutia X="636" Y="268" Angle="78.0" Type="End" />
  <Minutia X="645" Y="246" Angle="57.0" Type="End" />
  <Minutia X="425" Y="428" Angle="14.0" Type="End" />
  <Minutia X="571" Y="204" Angle="330.0" Type="Bifurcation" />
  <Minutia X="416" Y="380" Angle="315.0" Type="End" />
  <Minutia X="433" Y="301" Angle="312.0" Type="End" />
  <Minutia X="479" Y="332" Angle="293.0" Type="End" />
  <Minutia X="557" Y="320" Angle="282.0" Type="Bifurcation" />
  <Minutia X="540" Y="409" Angle="278.0" Type="End" />
  <Minutia X="526" Y="441" Angle="261.0" Type="Bifurcation" />
  <Minutia X="589" Y="438" Angle="256.0" Type="End" />
  <Minutia X="471" Y="428" Angle="249.0" Type="End" />
  <Minutia X="491" Y="444" Angle="238.0" Type="End" />
  <Minutia X="515" Y="455" Angle="224.0" Type="End" />
  <Minutia X="474" Y="457" Angle="204.0" Type="End" />
  <Minutia X="510" Y="481" Angle="203.0" Type="Bifurcation" />
  <Minutia X="483" Y="478" Angle="201.0" Type="End" />
  <Minutia X="463" Y="488" Angle="187.0" Type="End" />
  <Minutia X="648" Y="189" Angle="189.0" Type="End" />
  <Minutia X="636" Y="230" Angle="167.0" Type="End" />
  <Minutia X="565" Y="191" Angle="143.0" Type="Bifurcation" />
  <Minutia X="468" Y="263" Angle="135.0" Type="End" />
  <Minutia X="418" Y="315" Angle="139.0" Type="End" />
  <Minutia X="442" Y="309" Angle="132.0" Type="End" />
  <Minutia X="478" Y="192" Angle="134.0" Type="Bifurcation" />
  <Minutia X="452" Y="337" Angle="127.0" Type="End" />
  <Minutia X="443" Y="381" Angle="126.0" Type="Bifurcation" />
  <Minutia X="463" Y="350" Angle="123.0" Type="End" />
  <Minutia X="536" Y="233" Angle="123.0" Type="End" />
  <Minutia X="474" Y="291" Angle="121.0" Type="End" />
  <Minutia X="621" Y="249" Angle="116.0" Type="Bifurcation" />
  <Minutia X="505" Y="273" Angle="118.0" Type="End" />
  <Minutia X="490" Y="331" Angle="108.0" Type="End" />
  <Minutia X="566" Y="258" Angle="109.0" Type="End" />
  <Minutia X="526" Y="297" Angle="107.0" Type="Bifurcation" />
  <Minutia X="565" Y="281" Angle="103.0" Type="Bifurcation" />
  <Minutia X="575" Y="294" Angle="99.0" Type="Bifurcation" />
  <Minutia X="591" Y="260" Angle="100.0" Type="Bifurcation" />
  <Minutia X="624" Y="262" Angle="91.0" Type="End" />
  <Minutia X="623" Y="301" Angle="92.0" Type="Bifurcation" />
</MinutiaeList>