<MinutiaeList>
  <Minutia X="460" Y="423" Angle="88.0" Type="Bifurcation" />
  <Minutia X="480" Y="440" Angle="86.0" Type="End" />
  <Minutia X="516" Y="474" Angle="86.0" Type="Bifurcation" />
  <Minutia X="407" Y="410" Angle="75.0" Type="End" />
  <Minutia X="411" Y="402" Angle="77.0" Type="End" />
  <Minutia X="540" Y="437" Angle="74.0" Type="Bifurcation" />
  <Minutia X="304" Y="484" Angle="70.0" Type="End" />
  <Minutia X="358" Y="451" Angle="67.0" Type="Bifurcation" />
  <Minutia X="513" Y="355" Angle="60.0" Type="End" />
  <Minutia X="534" Y="316" Angle="58.0" Type="End" />
  <Minutia X="294" Y="527" Angle="60.0" Type="End" />
  <Minutia X="391" Y="436" Angle="43.0" Type="Bifurcation" />
  <Minutia X="391" Y="458" Angle="36.0" Type="Bifurcation" />
  <Minutia X="374" Y="530" Angle="28.0" Type="End" />
  <Minutia X="300" Y="564" Angle="20.0" Type="End" />
  <Minutia X="442" Y="571" Angle="338.0" Type="Bifurcation" />
  <Minutia X="334" Y="300" Angle="326.0" Type="End" />
  <Minutia X="288" Y="287" Angle="316.0" Type="Bifurcation" />
  <Minutia X="260" Y="331" Angle="305.0" Type="Bifurcation" />
  <Minutia X="308" Y="371" Angle="308.0" Type="End" />
  <Minutia X="499" Y="539" Angle="282.0" Type="End" />
  <Minutia X="323" Y="526" Angle="239.0" Type="End" />
  <Minutia X="501" Y="360" Angle="234.0" Type="End" />
  <Minutia X="487" Y="321" Angle="224.0" Type="Bifurcation" />
  <Minutia X="411" Y="473" Angle="209.0" Type="Bifurcation" />
  <Minutia X="399" Y="541" Angle="204.0" Type="End" />
  <Minutia X="339" Y="570" Angle="207.0" Type="End" />
  <Minutia X="422" Y="449" Angle="183.0" Type="Bifurcation" />
  <Minutia X="427" Y="481" Angle="176.0" Type="End" />
  <Minutia X="409" Y="351" Angle="161.0" Type="End" />
  <Minutia X="471" Y="535" Angle="137.0" Type="End" />
  <Minutia X="323" Y="346" Angle="127.0" Type="Bifurcation" />
  <Minutia X="269" Y="353" Angle="125.0" Type="End" />
  <Minutia X="452" Y="469" Angle="109.0" Type="Bifurcation" />
  <Minutia X="286" Y="391" Angle="112.0" Type="End" />
  <Minutia X="271" Y="432" Angle="104.0" Type="Bifurcation" />
  <Minutia X="445" Y="430" Angle="105.0" Type="Bifurcation" />
  <Minutia X="502" Y="504" Angle="105.0" Type="Bifurcation" />
  <Minutia X="518" Y="512" Angle="101.0" Type="End" />
  <Minutia X="325" Y="426" Angle="92.0" Type="Bifurcation" />
  <Minutia X="286" Y="459" Angle="92.0" Type="End" />
</MinutiaeList>