<MinutiaeList>
  <Minutia X="350" Y="302" Angle="87.0" Type="Bifurcation" />
  <Minutia X="490" Y="364" Angle="81.0" Type="End" />
  <Minutia X="306" Y="336" Angle="83.0" Type="End" />
  <Minutia X="248" Y="371" Angle="80.0" Type="Bifurcation" />
  <Minutia X="462" Y="292" Angle="78.0" Type="End" />
  <Minutia X="492" Y="410" Angle="74.0" Type="End" />
  <Minutia X="435" Y="259" Angle="73.0" Type="End" />
  <Minutia X="490" Y="306" Angle="73.0" Type="End" />
  <Minutia X="472" Y="246" Angle="62.0" Type="Bifurcation" />
  <Minutia X="544" Y="303" Angle="61.0" Type="End" />
  <Minutia X="523" Y="379" Angle="61.0" Type="End" />
  <Minutia X="336" Y="390" Angle="51.0" Type="Bifurcation" />
  <Minutia X="554" Y="208" Angle="53.0" Type="End" />
  <Minutia X="324" Y="422" Angle="39.0" Type="End" />
  <Minutia X="379" Y="199" Angle="23.0" Type="End" />
  <Minutia X="318" Y="464" Angle="14.0" Type="End" />
  <Minutia X="364" Y="394" Angle="7.0" Type="End" />
  <Minutia X="338" Y="210" Angle="8.0" Type="Bifurcation" />
  <Minutia X="527" Y="550" Angle="350.0" Type="End" />
  <Minutia X="466" Y="473" Angle="350.0" Type="End" />
  <Minutia X="436" Y="492" Angle="345.0" Type="End" />
  <Minutia X="362" Y="493" Angle="345.0" Type="End" />
  <Minutia X="436" Y="563" Angle="340.0" Type="End" />
  <Minutia X="389" Y="447" Angle="333.0" Type="Bifurcation" />
  <Minutia X="460" Y="456" Angle="323.0" Type="Bifurcation" />
  <Minutia X="392" Y="348" Angle="296.0" Type="Bifurcation" />
  <Minutia X="229" Y="416" Angle="266.0" Type="Bifurcation" />
  <Minutia X="318" Y="336" Angle="268.0" Type="Bifurcation" />
  <Minutia X="486" Y="442" Angle="263.0" Type="End" />
  <Minutia X="386" Y="313" Angle="249.0" Type="End" />
  <Minutia X="468" Y="288" Angle="250.0" Type="Bifurcation" />
  <Minutia X="562" Y="360" Angle="243.0" Type="End" />
  <Minutia X="530" Y="392" Angle="242.0" Type="End" />
  <Minutia X="211" Y="460" Angle="242.0" Type="End" />
  <Minutia X="256" Y="470" Angle="240.0" Type="End" />
  <Minutia X="543" Y="279" Angle="239.0" Type="End" />
  <Minutia X="234" Y="510" Angle="231.0" Type="End" />
  <Minutia X="325" Y="443" Angle="234.0" Type="Bifurcation" />
  <Minutia X="510" Y="447" Angle="231.0" Type="End" />
  <Minutia X="584" Y="208" Angle="234.0" Type="End" />
  <Minutia X="268" Y="494" Angle="222.0" Type="End" />
  <Minutia X="261" Y="504" Angle="222.0" Type="End" />
  <Minutia X="296" Y="493" Angle="222.0" Type="End" />
  <Minutia X="500" Y="195" Angle="217.0" Type="End" />
  <Minutia X="368" Y="410" Angle="214.0" Type="Bifurcation" />
  <Minutia X="332" Y="478" Angle="210.0" Type="End" />
  <Minutia X="218" Y="501" Angle="209.0" Type="Bifurcation" />
  <Minutia X="581" Y="454" Angle="204.0" Type="End" />
  <Minutia X="309" Y="514" Angle="194.0" Type="End" />
  <Minutia X="553" Y="489" Angle="188.0" Type="End" />
  <Minutia X="439" Y="578" Angle="182.0" Type="End" />
  <Minutia X="370" Y="270" Angle="185.0" Type="Bifurcation" />
  <Minutia X="377" Y="218" Angle="183.0" Type="End" />
  <Minutia X="345" Y="183" Angle="169.0" Type="End" />
  <Minutia X="440" Y="550" Angle="169.0" Type="End" />
  <Minutia X="486" Y="489" Angle="165.0" Type="End" />
  <Minutia X="500" Y="446" Angle="165.0" Type="End" />
  <Minutia X="391" Y="408" Angle="158.0" Type="Bifurcation" />
  <Minutia X="410" Y="374" Angle="137.0" Type="Bifurcation" />
  <Minutia X="430" Y="411" Angle="138.0" Type="End" />
  <Minutia X="479" Y="426" Angle="113.0" Type="End" />
  <Minutia X="426" Y="354" Angle="117.0" Type="Bifurcation" />
  <Minutia X="420" Y="314" Angle="110.0" Type="End" />
  <Minutia X="340" Y="289" Angle="103.0" Type="Bifurcation" />
  <Minutia X="476" Y="404" Angle="106.0" Type="End" />
  <Minutia X="322" Y="298" Angle="103.0" Type="Bifurcation" />
  <Minutia X="437" Y="311" Angle="96.0" Type="Bifurcation" />
  <Minutia X="449" Y="357" Angle="99.0" Type="Bifurcation" />
</MinutiaeList>