<MinutiaeList>
  <Minutia X="407" Y="344" Angle="58.0" Type="End" />
  <Minutia X="361" Y="345" Angle="37.0" Type="End" />
  <Minutia X="290" Y="484" Angle="8.0" Type="End" />
  <Minutia X="333" Y="449" Angle="2.0" Type="Bifurcation" />
  <Minutia X="336" Y="356" Angle="359.0" Type="End" />
  <Minutia X="352" Y="311" Angle="354.0" Type="Bifurcation" />
  <Minutia X="297" Y="445" Angle="349.0" Type="End" />
  <Minutia X="304" Y="423" Angle="344.0" Type="Bifurcation" />
  <Minutia X="316" Y="404" Angle="332.0" Type="Bifurcation" />
  <Minutia X="299" Y="407" Angle="313.0" Type="End" />
  <Minutia X="267" Y="415" Angle="305.0" Type="Bifurcation" />
  <Minutia X="316" Y="354" Angle="309.0" Type="Bifurcation" />
  <Minutia X="285" Y="407" Angle="303.0" Type="End" />
  <Minutia X="475" Y="303" Angle="241.0" Type="End" />
  <Minutia X="451" Y="415" Angle="235.0" Type="End" />
  <Minutia X="423" Y="335" Angle="235.0" Type="Bifurcation" />
  <Minutia X="423" Y="434" Angle="224.0" Type="End" />
  <Minutia X="381" Y="437" Angle="220.0" Type="Bifurcation" />
  <Minutia X="365" Y="422" Angle="211.0" Type="End" />
  <Minutia X="393" Y="323" Angle="211.0" Type="End" />
  <Minutia X="416" Y="456" Angle="203.0" Type="End" />
  <Minutia X="415" Y="479" Angle="195.0" Type="End" />
  <Minutia X="353" Y="451" Angle="185.0" Type="Bifurcation" />
  <Minutia X="341" Y="433" Angle="174.0" Type="Bifurcation" />
  <Minutia X="303" Y="354" Angle="118.0" Type="Bifurcation" />
</MinutiaeList>