<MinutiaeList>
  <Minutia X="607" Y="614" Angle="89.0" Type="Bifurcation" />
  <Minutia X="438" Y="566" Angle="76.0" Type="End" />
  <Minutia X="416" Y="602" Angle="72.0" Type="Bifurcation" />
  <Minutia X="450" Y="569" Angle="62.0" Type="Bifurcation" />
  <Minutia X="441" Y="624" Angle="56.0" Type="Bifurcation" />
  <Minutia X="444" Y="651" Angle="55.0" Type="Bifurcation" />
  <Minutia X="488" Y="633" Angle="39.0" Type="Bifurcation" />
  <Minutia X="463" Y="467" Angle="33.0" Type="Bifurcation" />
  <Minutia X="473" Y="655" Angle="27.0" Type="End" />
  <Minutia X="523" Y="673" Angle="338.0" Type="End" />
  <Minutia X="518" Y="602" Angle="241.0" Type="End" />
  <Minutia X="499" Y="568" Angle="237.0" Type="Bifurcation" />
  <Minutia X="564" Y="545" Angle="231.0" Type="Bifurcation" />
  <Minutia X="458" Y="649" Angle="236.0" Type="Bifurcation" />
  <Minutia X="502" Y="665" Angle="210.0" Type="Bifurcation" />
  <Minutia X="483" Y="481" Angle="212.0" Type="Bifurcation" />
  <Minutia X="516" Y="621" Angle="207.0" Type="End" />
  <Minutia X="453" Y="507" Angle="194.0" Type="Bifurcation" />
  <Minutia X="536" Y="676" Angle="174.0" Type="End" />
  <Minutia X="537" Y="620" Angle="149.0" Type="Bifurcation" />
  <Minutia X="550" Y="645" Angle="134.0" Type="Bifurcation" />
  <Minutia X="419" Y="545" Angle="121.0" Type="End" />
  <Minutia X="578" Y="629" Angle="97.0" Type="Bifurcation" />
  <Minutia X="555" Y="608" Angle="98.0" Type="Bifurcation" />
</MinutiaeList>