<MinutiaeList>
  <Minutia X="604" Y="378" Angle="81.0" Type="End" />
  <Minutia X="544" Y="347" Angle="75.0" Type="Bifurcation" />
  <Minutia X="520" Y="328" Angle="69.0" Type="Bifurcation" />
  <Minutia X="331" Y="418" Angle="72.0" Type="Bifurcation" />
  <Minutia X="571" Y="317" Angle="57.0" Type="Bifurcation" />
  <Minutia X="356" Y="423" Angle="48.0" Type="End" />
  <Minutia X="532" Y="302" Angle="38.0" Type="Bifurcation" />
  <Minutia X="518" Y="278" Angle="14.0" Type="Bifurcation" />
  <Minutia X="444" Y="346" Angle="10.0" Type="Bifurcation" />
  <Minutia X="374" Y="497" Angle="2.0" Type="End" />
  <Minutia X="582" Y="564" Angle="356.0" Type="End" />
  <Minutia X="393" Y="565" Angle="359.0" Type="Bifurcation" />
  <Minutia X="566" Y="517" Angle="350.0" Type="Bifurcation" />
  <Minutia X="431" Y="535" Angle="350.0" Type="Bifurcation" />
  <Minutia X="441" Y="310" Angle="349.0" Type="End" />
  <Minutia X="386" Y="459" Angle="348.0" Type="Bifurcation" />
  <Minutia X="587" Y="537" Angle="347.0" Type="End" />
  <Minutia X="540" Y="532" Angle="348.0" Type="End" />
  <Minutia X="596" Y="483" Angle="338.0" Type="End" />
  <Minutia X="608" Y="511" Angle="340.0" Type="End" />
  <Minutia X="610" Y="464" Angle="332.0" Type="End" />
  <Minutia X="488" Y="506" Angle="328.0" Type="Bifurcation" />
  <Minutia X="469" Y="503" Angle="325.0" Type="Bifurcation" />
  <Minutia X="506" Y="502" Angle="324.0" Type="End" />
  <Minutia X="369" Y="191" Angle="322.0" Type="Bifurcation" />
  <Minutia X="551" Y="491" Angle="319.0" Type="End" />
  <Minutia X="582" Y="484" Angle="320.0" Type="End" />
  <Minutia X="354" Y="334" Angle="312.0" Type="Bifurcation" />
  <Minutia X="310" Y="185" Angle="312.0" Type="Bifurcation" />
  <Minutia X="530" Y="479" Angle="315.0" Type="End" />
  <Minutia X="280" Y="148" Angle="311.0" Type="Bifurcation" />
  <Minutia X="196" Y="227" Angle="308.0" Type="End" />
  <Minutia X="267" Y="226" Angle="309.0" Type="Bifurcation" />
  <Minutia X="286" Y="126" Angle="306.0" Type="End" />
  <Minutia X="251" Y="150" Angle="304.0" Type="End" />
  <Minutia X="243" Y="116" Angle="299.0" Type="End" />
  <Minutia X="345" Y="330" Angle="299.0" Type="Bifurcation" />
  <Minutia X="232" Y="425" Angle="295.0" Type="End" />
  <Minutia X="417" Y="414" Angle="297.0" Type="Bifurcation" />
  <Minutia X="403" Y="382" Angle="290.0" Type="Bifurcation" />
  <Minutia X="387" Y="405" Angle="281.0" Type="End" />
  <Minutia X="320" Y="491" Angle="225.0" Type="End" />
  <Minutia X="292" Y="474" Angle="208.0" Type="End" />
  <Minutia X="331" Y="518" Angle="203.0" Type="End" />
  <Minutia X="363" Y="533" Angle="192.0" Type="End" />
  <Minutia X="421" Y="601" Angle="183.0" Type="End" />
  <Minutia X="534" Y="510" Angle="177.0" Type="End" />
  <Minutia X="412" Y="462" Angle="174.0" Type="End" />
  <Minutia X="597" Y="521" Angle="168.0" Type="End" />
  <Minutia X="615" Y="495" Angle="153.0" Type="End" />
  <Minutia X="309" Y="232" Angle="131.0" Type="Bifurcation" />
  <Minutia X="276" Y="186" Angle="131.0" Type="Bifurcation" />
  <Minutia X="267" Y="435" Angle="132.0" Type="Bifurcation" />
  <Minutia X="368" Y="331" Angle="129.0" Type="End" />
  <Minutia X="216" Y="340" Angle="129.0" Type="End" />
  <Minutia X="345" Y="291" Angle="123.0" Type="Bifurcation" />
  <Minutia X="448" Y="369" Angle="120.0" Type="End" />
  <Minutia X="287" Y="292" Angle="122.0" Type="End" />
  <Minutia X="263" Y="362" Angle="113.0" Type="Bifurcation" />
  <Minutia X="280" Y="370" Angle="102.0" Type="Bifurcation" />
  <Minutia X="558" Y="405" Angle="101.0" Type="Bifurcation" />
  <Minutia X="299" Y="350" Angle="97.0" Type="Bifurcation" />
  <Minutia X="618" Y="423" Angle="98.0" Type="End" />
</MinutiaeList>