<MinutiaeList>
  <Minutia X="525" Y="579" Angle="86.0" Type="Bifurcation" />
  <Minutia X="531" Y="518" Angle="70.0" Type="Bifurcation" />
  <Minutia X="463" Y="496" Angle="68.0" Type="Bifurcation" />
  <Minutia X="472" Y="499" Angle="57.0" Type="Bifurcation" />
  <Minutia X="519" Y="489" Angle="48.0" Type="End" />
  <Minutia X="427" Y="502" Angle="45.0" Type="End" />
  <Minutia X="462" Y="415" Angle="35.0" Type="End" />
  <Minutia X="547" Y="288" Angle="33.0" Type="End" />
  <Minutia X="437" Y="468" Angle="29.0" Type="End" />
  <Minutia X="480" Y="342" Angle="17.0" Type="Bifurcation" />
  <Minutia X="473" Y="294" Angle="10.0" Type="End" />
  <Minutia X="496" Y="263" Angle="6.0" Type="End" />
  <Minutia X="452" Y="315" Angle="3.0" Type="Bifurcation" />
  <Minutia X="436" Y="373" Angle="5.0" Type="Bifurcation" />
  <Minutia X="494" Y="232" Angle="356.0" Type="Bifurcation" />
  <Minutia X="412" Y="442" Angle="355.0" Type="Bifurcation" />
  <Minutia X="398" Y="529" Angle="351.0" Type="Bifurcation" />
  <Minutia X="462" Y="285" Angle="347.0" Type="End" />
  <Minutia X="421" Y="300" Angle="341.0" Type="End" />
  <Minutia X="202" Y="313" Angle="333.0" Type="End" />
  <Minutia X="398" Y="312" Angle="335.0" Type="Bifurcation" />
  <Minutia X="394" Y="251" Angle="327.0" Type="End" />
  <Minutia X="377" Y="501" Angle="328.0" Type="Bifurcation" />
  <Minutia X="248" Y="351" Angle="330.0" Type="End" />
  <Minutia X="479" Y="231" Angle="330.0" Type="Bifurcation" />
  <Minutia X="461" Y="193" Angle="327.0" Type="End" />
  <Minutia X="425" Y="267" Angle="330.0" Type="End" />
  <Minutia X="397" Y="215" Angle="327.0" Type="Bifurcation" />
  <Minutia X="434" Y="176" Angle="322.0" Type="Bifurcation" />
  <Minutia X="377" Y="175" Angle="317.0" Type="End" />
  <Minutia X="328" Y="261" Angle="317.0" Type="End" />
  <Minutia X="365" Y="482" Angle="317.0" Type="Bifurcation" />
  <Minutia X="308" Y="344" Angle="320.0" Type="End" />
  <Minutia X="340" Y="220" Angle="312.0" Type="End" />
  <Minutia X="336" Y="173" Angle="309.0" Type="Bifurcation" />
  <Minutia X="302" Y="256" Angle="307.0" Type="End" />
  <Minutia X="310" Y="196" Angle="309.0" Type="Bifurcation" />
  <Minutia X="377" Y="604" Angle="302.0" Type="Bifurcation" />
  <Minutia X="467" Y="521" Angle="246.0" Type="End" />
  <Minutia X="462" Y="466" Angle="204.0" Type="End" />
  <Minutia X="503" Y="336" Angle="193.0" Type="End" />
  <Minutia X="534" Y="240" Angle="186.0" Type="Bifurcation" />
  <Minutia X="467" Y="291" Angle="170.0" Type="Bifurcation" />
  <Minutia X="480" Y="196" Angle="152.0" Type="Bifurcation" />
  <Minutia X="288" Y="366" Angle="145.0" Type="Bifurcation" />
  <Minutia X="374" Y="410" Angle="142.0" Type="End" />
  <Minutia X="378" Y="483" Angle="136.0" Type="Bifurcation" />
  <Minutia X="279" Y="442" Angle="135.0" Type="End" />
  <Minutia X="305" Y="225" Angle="135.0" Type="End" />
  <Minutia X="401" Y="552" Angle="122.0" Type="End" />
  <Minutia X="409" Y="548" Angle="108.0" Type="End" />
  <Minutia X="427" Y="556" Angle="100.0" Type="Bifurcation" />
  <Minutia X="503" Y="594" Angle="101.0" Type="Bifurcation" />
</MinutiaeList>