<MinutiaeList>
  <Minutia X="139" Y="460" Angle="88.0" Type="Bifurcation" />
  <Minutia X="176" Y="446" Angle="73.0" Type="Bifurcation" />
  <Minutia X="39" Y="486" Angle="67.0" Type="Bifurcation" />
  <Minutia X="199" Y="430" Angle="60.0" Type="End" />
  <Minutia X="129" Y="405" Angle="52.0" Type="End" />
  <Minutia X="122" Y="354" Angle="42.0" Type="End" />
  <Minutia X="157" Y="247" Angle="44.0" Type="End" />
  <Minutia X="161" Y="214" Angle="40.0" Type="End" />
  <Minutia X="85" Y="364" Angle="34.0" Type="End" />
  <Minutia X="75" Y="237" Angle="32.0" Type="End" />
  <Minutia X="73" Y="291" Angle="19.0" Type="Bifurcation" />
  <Minutia X="69" Y="486" Angle="298.0" Type="Bifurcation" />
  <Minutia X="66" Y="475" Angle="264.0" Type="End" />
  <Minutia X="147" Y="461" Angle="247.0" Type="End" />
  <Minutia X="178" Y="249" Angle="222.0" Type="End" />
  <Minutia X="179" Y="221" Angle="221.0" Type="End" />
  <Minutia X="151" Y="356" Angle="220.0" Type="Bifurcation" />
  <Minutia X="189" Y="290" Angle="223.0" Type="End" />
  <Minutia X="193" Y="338" Angle="225.0" Type="End" />
  <Minutia X="109" Y="418" Angle="225.0" Type="Bifurcation" />
  <Minutia X="84" Y="434" Angle="216.0" Type="Bifurcation" />
  <Minutia X="149" Y="267" Angle="217.0" Type="End" />
  <Minutia X="121" Y="381" Angle="217.0" Type="End" />
  <Minutia X="110" Y="255" Angle="216.0" Type="End" />
  <Minutia X="153" Y="220" Angle="218.0" Type="End" />
  <Minutia X="124" Y="239" Angle="213.0" Type="End" />
  <Minutia X="93" Y="254" Angle="206.0" Type="Bifurcation" />
  <Minutia X="112" Y="347" Angle="208.0" Type="End" />
  <Minutia X="81" Y="372" Angle="199.0" Type="Bifurcation" />
  <Minutia X="93" Y="304" Angle="201.0" Type="Bifurcation" />
  <Minutia X="54" Y="380" Angle="179.0" Type="Bifurcation" />
  <Minutia X="97" Y="568" Angle="162.0" Type="End" />
  <Minutia X="85" Y="513" Angle="157.0" Type="Bifurcation" />
  <Minutia X="52" Y="411" Angle="154.0" Type="End" />
  <Minutia X="31" Y="414" Angle="149.0" Type="End" />
  <Minutia X="125" Y="577" Angle="133.0" Type="End" />
  <Minutia X="96" Y="505" Angle="128.0" Type="Bifurcation" />
  <Minutia X="153" Y="505" Angle="101.0" Type="Bifurcation" />
</MinutiaeList>