<MinutiaeList>
  <Minutia X="303" Y="357" Angle="87.0" Type="End" />
  <Minutia X="369" Y="325" Angle="79.0" Type="End" />
  <Minutia X="331" Y="379" Angle="74.0" Type="End" />
  <Minutia X="358" Y="353" Angle="69.0" Type="End" />
  <Minutia X="416" Y="390" Angle="63.0" Type="End" />
  <Minutia X="386" Y="352" Angle="67.0" Type="End" />
  <Minutia X="343" Y="413" Angle="60.0" Type="End" />
  <Minutia X="383" Y="288" Angle="40.0" Type="End" />
  <Minutia X="413" Y="403" Angle="240.0" Type="End" />
  <Minutia X="391" Y="276" Angle="195.0" Type="End" />
  <Minutia X="339" Y="278" Angle="135.0" Type="End" />
</MinutiaeList>