<MinutiaeList>
  <Minutia X="353" Y="299" Angle="54.0" Type="End" />
  <Minutia X="288" Y="274" Angle="44.0" Type="End" />
  <Minutia X="204" Y="359" Angle="1.0" Type="End" />
  <Minutia X="359" Y="472" Angle="357.0" Type="Bifurcation" />
  <Minutia X="338" Y="489" Angle="352.0" Type="Bifurcation" />
  <Minutia X="199" Y="341" Angle="329.0" Type="Bifurcation" />
  <Minutia X="180" Y="341" Angle="298.0" Type="Bifurcation" />
  <Minutia X="328" Y="466" Angle="296.0" Type="Bifurcation" />
  <Minutia X="230" Y="384" Angle="102.0" Type="Bifurcation" />
  <Minutia X="208" Y="389" Angle="105.0" Type="End" />
  <Minutia X="247" Y="390" Angle="94.0" Type="End" />
</MinutiaeList>