<MinutiaeList>
  <Minutia X="436" Y="412" Angle="89.0" Type="End" />
  <Minutia X="415" Y="353" Angle="75.0" Type="End" />
  <Minutia X="437" Y="357" Angle="71.0" Type="End" />
  <Minutia X="469" Y="350" Angle="58.0" Type="Bifurcation" />
  <Minutia X="461" Y="311" Angle="41.0" Type="Bifurcation" />
  <Minutia X="490" Y="304" Angle="35.0" Type="End" />
  <Minutia X="470" Y="304" Angle="33.0" Type="End" />
  <Minutia X="393" Y="281" Angle="14.0" Type="End" />
  <Minutia X="353" Y="292" Angle="4.0" Type="End" />
  <Minutia X="331" Y="281" Angle="332.0" Type="Bifurcation" />
  <Minutia X="452" Y="530" Angle="306.0" Type="Bifurcation" />
  <Minutia X="439" Y="520" Angle="296.0" Type="End" />
  <Minutia X="431" Y="506" Angle="279.0" Type="End" />
  <Minutia X="398" Y="508" Angle="281.0" Type="End" />
  <Minutia X="393" Y="464" Angle="279.0" Type="End" />
  <Minutia X="375" Y="494" Angle="279.0" Type="Bifurcation" />
  <Minutia X="413" Y="428" Angle="272.0" Type="Bifurcation" />
  <Minutia X="284" Y="457" Angle="265.0" Type="End" />
  <Minutia X="370" Y="524" Angle="263.0" Type="End" />
  <Minutia X="324" Y="540" Angle="244.0" Type="Bifurcation" />
  <Minutia X="357" Y="548" Angle="232.0" Type="End" />
  <Minutia X="405" Y="260" Angle="178.0" Type="Bifurcation" />
  <Minutia X="308" Y="270" Angle="141.0" Type="End" />
  <Minutia X="466" Y="505" Angle="117.0" Type="Bifurcation" />
  <Minutia X="475" Y="434" Angle="103.0" Type="End" />
  <Minutia X="373" Y="363" Angle="101.0" Type="End" />
  <Minutia X="426" Y="407" Angle="97.0" Type="Bifurcation" />
  <Minutia X="283" Y="384" Angle="95.0" Type="End" />
  <Minutia X="382" Y="381" Angle="95.0" Type="Bifurcation" />
  <Minutia X="408" Y="385" Angle="92.0" Type="End" />
  <Minutia X="383" Y="364" Angle="95.0" Type="End" />
</MinutiaeList>