<MinutiaeList>
  <Minutia X="462" Y="417" Angle="63.0" Type="End" />
  <Minutia X="432" Y="429" Angle="8.0" Type="Bifurcation" />
  <Minutia X="419" Y="406" Angle="336.0" Type="End" />
  <Minutia X="372" Y="499" Angle="337.0" Type="End" />
  <Minutia X="402" Y="438" Angle="311.0" Type="End" />
  <Minutia X="408" Y="463" Angle="303.0" Type="Bifurcation" />
  <Minutia X="398" Y="475" Angle="296.0" Type="End" />
  <Minutia X="379" Y="480" Angle="283.0" Type="End" />
  <Minutia X="385" Y="511" Angle="174.0" Type="Bifurcation" />
  <Minutia X="407" Y="482" Angle="150.0" Type="End" />
  <Minutia X="441" Y="458" Angle="124.0" Type="Bifurcation" />
  <Minutia X="437" Y="445" Angle="125.0" Type="End" />
  <Minutia X="385" Y="394" Angle="127.0" Type="Bifurcation" />
  <Minutia X="354" Y="425" Angle="120.0" Type="Bifurcation" />
  <Minutia X="454" Y="458" Angle="114.0" Type="End" />
  <Minutia X="465" Y="466" Angle="114.0" Type="End" />
  <Minutia X="380" Y="440" Angle="112.0" Type="Bifurcation" />
  <Minutia X="331" Y="464" Angle="99.0" Type="End" />
</MinutiaeList>