<MinutiaeScore type="diff" base_score="1.04324649665877" matcher="dmc_bcc">
    <Experiment version="v0" score="-0.001760889464140103">
        <MissingMinutia x="385" y="448" angle="85.0"/>
    </Experiment>
    <Experiment version="v1" score="-0.047524268433768">
        <MissingMinutia x="278" y="471" angle="81.0"/>
    </Experiment>
    <Experiment version="v2" score="0.004846451179270073">
        <MissingMinutia x="235" y="475" angle="80.0"/>
    </Experiment>
    <Experiment version="v3" score="-0.08618406640763898">
        <MissingMinutia x="578" y="496" angle="83.0"/>
    </Experiment>
    <Experiment version="v4" score="-0.05705058020120801">
        <MissingMinutia x="575" y="391" angle="79.0"/>
    </Experiment>
    <Experiment version="v5" score="-0.015710939192699946">
        <MissingMinutia x="531" y="358" angle="77.0"/>
    </Experiment>
    <Experiment version="v6" score="0.019452588463799936">
        <MissingMinutia x="346" y="469" angle="68.0"/>
    </Experiment>
    <Experiment version="v7" score="-0.05622982197719906">
        <MissingMinutia x="604" y="465" angle="63.0"/>
    </Experiment>
    <Experiment version="v8" score="-0.04040609459909006">
        <MissingMinutia x="601" y="333" angle="67.0"/>
    </Experiment>
    <Experiment version="v9" score="0.010382606830350083">
        <MissingMinutia x="652" y="388" angle="63.0"/>
    </Experiment>
    <Experiment version="v10" score="0.029718967749789993">
        <MissingMinutia x="494" y="140" angle="39.0"/>
    </Experiment>
    <Experiment version="v11" score="-0.004154956799029996">
        <MissingMinutia x="435" y="153" angle="32.0"/>
    </Experiment>
    <Experiment version="v12" score="0.014825076259149972">
        <MissingMinutia x="455" y="217" angle="28.0"/>
    </Experiment>
    <Experiment version="v13" score="-0.012892793485939968">
        <MissingMinutia x="379" y="237" angle="12.0"/>
    </Experiment>
    <Experiment version="v14" score="-0.21992069552396598">
        <MissingMinutia x="345" y="200" angle="356.0"/>
    </Experiment>
    <Experiment version="v15" score="-0.04990583142111504">
        <MissingMinutia x="329" y="270" angle="351.0"/>
    </Experiment>
    <Experiment version="v16" score="0.015261132729740057">
        <MissingMinutia x="285" y="149" angle="353.0"/>
    </Experiment>
    <Experiment version="v17" score="0.013470318821340088">
        <MissingMinutia x="578" y="596" angle="333.0"/>
    </Experiment>
    <Experiment version="v18" score="0.015566383892960056">
        <MissingMinutia x="253" y="169" angle="334.0"/>
    </Experiment>
    <Experiment version="v19" score="-0.03783357599094006">
        <MissingMinutia x="322" y="365" angle="333.0"/>
    </Experiment>
    <Experiment version="v20" score="-0.014302327513479929">
        <MissingMinutia x="645" y="597" angle="336.0"/>
    </Experiment>
    <Experiment version="v21" score="0.052631797574790085">
        <MissingMinutia x="251" y="140" angle="330.0"/>
    </Experiment>
    <Experiment version="v22" score="-0.07401342245778497">
        <MissingMinutia x="571" y="540" angle="329.0"/>
    </Experiment>
    <Experiment version="v23" score="-0.01149727682705004">
        <MissingMinutia x="251" y="295" angle="328.0"/>
    </Experiment>
    <Experiment version="v24" score="0.02164698547023991">
        <MissingMinutia x="463" y="542" angle="288.0"/>
    </Experiment>
    <Experiment version="v25" score="-0.07792273454951704">
        <MissingMinutia x="569" y="528" angle="273.0"/>
    </Experiment>
    <Experiment version="v26" score="-0.047713902564661015">
        <MissingMinutia x="447" y="507" angle="269.0"/>
    </Experiment>
    <Experiment version="v27" score="0.12089066522361991">
        <MissingMinutia x="401" y="528" angle="260.0"/>
    </Experiment>
    <Experiment version="v28" score="-0.12945866876592305">
        <MissingMinutia x="245" y="521" angle="258.0"/>
    </Experiment>
    <Experiment version="v29" score="0.007107945955550088">
        <MissingMinutia x="392" y="488" angle="257.0"/>
    </Experiment>
    <Experiment version="v30" score="0.015343469972940005">
        <MissingMinutia x="383" y="539" angle="249.0"/>
    </Experiment>
    <Experiment version="v31" score="-0.009839175128520061">
        <MissingMinutia x="291" y="522" angle="252.0"/>
    </Experiment>
    <Experiment version="v32" score="0.040940115922339926">
        <MissingMinutia x="241" y="544" angle="243.0"/>
    </Experiment>
    <Experiment version="v33" score="-0.014235398523630094">
        <MissingMinutia x="461" y="393" angle="243.0"/>
    </Experiment>
    <Experiment version="v34" score="0.006359347345419986">
        <MissingMinutia x="631" y="398" angle="239.0"/>
    </Experiment>
    <Experiment version="v35" score="0.007727240145650072">
        <MissingMinutia x="580" y="310" angle="239.0"/>
    </Experiment>
    <Experiment version="v36" score="0.013682471839199906">
        <MissingMinutia x="592" y="153" angle="232.0"/>
    </Experiment>
    <Experiment version="v37" score="-0.0018982074924300818">
        <MissingMinutia x="640" y="273" angle="234.0"/>
    </Experiment>
    <Experiment version="v38" score="-0.003796817150709897">
        <MissingMinutia x="328" y="573" angle="227.0"/>
    </Experiment>
    <Experiment version="v39" score="0.008627318927810101">
        <MissingMinutia x="543" y="175" angle="221.0"/>
    </Experiment>
    <Experiment version="v40" score="0.021153632095709973">
        <MissingMinutia x="451" y="174" angle="214.0"/>
    </Experiment>
    <Experiment version="v41" score="0.007262110284800061">
        <MissingMinutia x="256" y="561" angle="217.0"/>
    </Experiment>
    <Experiment version="v42" score="-0.004061085780959983">
        <MissingMinutia x="490" y="251" angle="214.0"/>
    </Experiment>
    <Experiment version="v43" score="0.02173411051739005">
        <MissingMinutia x="475" y="311" angle="207.0"/>
    </Experiment>
    <Experiment version="v44" score="0.041217762493269916">
        <MissingMinutia x="404" y="568" angle="203.0"/>
    </Experiment>
    <Experiment version="v45" score="-0.0012586676061299151">
        <MissingMinutia x="616" y="512" angle="207.0"/>
    </Experiment>
    <Experiment version="v46" score="0.06046252241735006">
        <MissingMinutia x="638" y="499" angle="202.0"/>
    </Experiment>
    <Experiment version="v47" score="-0.006638012927550063">
        <MissingMinutia x="399" y="190" angle="188.0"/>
    </Experiment>
    <Experiment version="v48" score="-0.012390134289190113">
        <MissingMinutia x="390" y="211" angle="187.0"/>
    </Experiment>
    <Experiment version="v49" score="0.05115791155096994">
        <MissingMinutia x="437" y="238" angle="189.0"/>
    </Experiment>
    <Experiment version="v50" score="-0.02251959362970002">
        <MissingMinutia x="401" y="284" angle="183.0"/>
    </Experiment>
    <Experiment version="v51" score="-0.06050509752363198">
        <MissingMinutia x="394" y="310" angle="180.0"/>
    </Experiment>
    <Experiment version="v52" score="-0.09902198975320498">
        <MissingMinutia x="358" y="266" angle="175.0"/>
    </Experiment>
    <Experiment version="v53" score="0.030820451998750054">
        <MissingMinutia x="393" y="393" angle="170.0"/>
    </Experiment>
    <Experiment version="v54" score="0.03694901437303999">
        <MissingMinutia x="675" y="516" angle="167.0"/>
    </Experiment>
    <Experiment version="v55" score="-0.04469765608186904">
        <MissingMinutia x="332" y="238" angle="166.0"/>
    </Experiment>
    <Experiment version="v56" score="-0.027968151020359988">
        <MissingMinutia x="372" y="364" angle="163.0"/>
    </Experiment>
    <Experiment version="v57" score="0.03985877163366003">
        <MissingMinutia x="672" y="576" angle="158.0"/>
    </Experiment>
    <Experiment version="v58" score="-0.05519083188428098">
        <MissingMinutia x="304" y="165" angle="159.0"/>
    </Experiment>
    <Experiment version="v59" score="0.05379645928582">
        <MissingMinutia x="292" y="108" angle="156.0"/>
    </Experiment>
    <Experiment version="v60" score="0.007104426362189997">
        <MissingMinutia x="257" y="156" angle="151.0"/>
    </Experiment>
    <Experiment version="v61" score="0.023270819471640003">
        <MissingMinutia x="641" y="509" angle="148.0"/>
    </Experiment>
    <Experiment version="v62" score="-0.168556578100869">
        <MissingMinutia x="272" y="287" angle="145.0"/>
    </Experiment>
    <Experiment version="v63" score="-0.006864914650809961">
        <MissingMinutia x="598" y="534" angle="146.0"/>
    </Experiment>
    <Experiment version="v64" score="-0.023326058610539935">
        <MissingMinutia x="198" y="351" angle="127.0"/>
    </Experiment>
    <Experiment version="v65" score="-0.00470743250167005">
        <MissingMinutia x="515" y="520" angle="119.0"/>
    </Experiment>
    <Experiment version="v66" score="-0.010324912577339918">
        <MissingMinutia x="264" y="370" angle="119.0"/>
    </Experiment>
    <Experiment version="v67" score="-0.011427423049900076">
        <MissingMinutia x="213" y="400" angle="117.0"/>
    </Experiment>
    <Experiment version="v68" score="-0.11995064941857703">
        <MissingMinutia x="557" y="463" angle="92.0"/>
    </Experiment>
</MinutiaeScore>
