<MinutiaeScore type="diff" base_score="4.89287282982127" matcher="dmc_bcc">
    <Experiment version="v0" score="0.01678432278820008">
        <MissingMinutia x="350" y="302" angle="87.0"/>
    </Experiment>
    <Experiment version="v1" score="-0.16328468748679992">
        <MissingMinutia x="490" y="364" angle="81.0"/>
    </Experiment>
    <Experiment version="v2" score="0.021349092823929716">
        <MissingMinutia x="306" y="336" angle="83.0"/>
    </Experiment>
    <Experiment version="v3" score="-0.033607845588320195">
        <MissingMinutia x="248" y="371" angle="80.0"/>
    </Experiment>
    <Experiment version="v4" score="-0.033591117194569975">
        <MissingMinutia x="462" y="292" angle="78.0"/>
    </Experiment>
    <Experiment version="v5" score="-0.04950035532669972">
        <MissingMinutia x="492" y="410" angle="74.0"/>
    </Experiment>
    <Experiment version="v6" score="-0.10934583271489995">
        <MissingMinutia x="435" y="259" angle="73.0"/>
    </Experiment>
    <Experiment version="v7" score="-0.06194049336139962">
        <MissingMinutia x="490" y="306" angle="73.0"/>
    </Experiment>
    <Experiment version="v8" score="-0.23073888527602993">
        <MissingMinutia x="472" y="246" angle="62.0"/>
    </Experiment>
    <Experiment version="v9" score="-0.08510975534450971">
        <MissingMinutia x="544" y="303" angle="61.0"/>
    </Experiment>
    <Experiment version="v10" score="-0.1118448210314602">
        <MissingMinutia x="523" y="379" angle="61.0"/>
    </Experiment>
    <Experiment version="v11" score="-0.1036138027631397">
        <MissingMinutia x="336" y="390" angle="51.0"/>
    </Experiment>
    <Experiment version="v12" score="-0.09711159064006036">
        <MissingMinutia x="554" y="208" angle="53.0"/>
    </Experiment>
    <Experiment version="v13" score="-0.1831426001425296">
        <MissingMinutia x="324" y="422" angle="39.0"/>
    </Experiment>
    <Experiment version="v14" score="0.06625567852594028">
        <MissingMinutia x="379" y="199" angle="23.0"/>
    </Experiment>
    <Experiment version="v15" score="0.040627039902940254">
        <MissingMinutia x="318" y="464" angle="14.0"/>
    </Experiment>
    <Experiment version="v16" score="-0.11953816862857014">
        <MissingMinutia x="364" y="394" angle="7.0"/>
    </Experiment>
    <Experiment version="v17" score="0.12013779854190965">
        <MissingMinutia x="338" y="210" angle="8.0"/>
    </Experiment>
    <Experiment version="v18" score="-0.042706561056159664">
        <MissingMinutia x="527" y="550" angle="350.0"/>
    </Experiment>
    <Experiment version="v19" score="-0.23123782832994966">
        <MissingMinutia x="466" y="473" angle="350.0"/>
    </Experiment>
    <Experiment version="v20" score="-0.21611198251807018">
        <MissingMinutia x="436" y="492" angle="345.0"/>
    </Experiment>
    <Experiment version="v21" score="-0.2357714367977497">
        <MissingMinutia x="362" y="493" angle="345.0"/>
    </Experiment>
    <Experiment version="v22" score="0.06661466453260001">
        <MissingMinutia x="436" y="563" angle="340.0"/>
    </Experiment>
    <Experiment version="v23" score="-0.28118314166352043">
        <MissingMinutia x="389" y="447" angle="333.0"/>
    </Experiment>
    <Experiment version="v24" score="-0.15777549556409998">
        <MissingMinutia x="460" y="456" angle="323.0"/>
    </Experiment>
    <Experiment version="v25" score="-0.27773231709401003">
        <MissingMinutia x="392" y="348" angle="296.0"/>
    </Experiment>
    <Experiment version="v26" score="-0.11872665833416995">
        <MissingMinutia x="229" y="416" angle="266.0"/>
    </Experiment>
    <Experiment version="v27" score="0.020598433182960285">
        <MissingMinutia x="318" y="336" angle="268.0"/>
    </Experiment>
    <Experiment version="v28" score="-0.07383057734353038">
        <MissingMinutia x="486" y="442" angle="263.0"/>
    </Experiment>
    <Experiment version="v29" score="-0.0284835815153901">
        <MissingMinutia x="386" y="313" angle="249.0"/>
    </Experiment>
    <Experiment version="v30" score="-0.08906149199999014">
        <MissingMinutia x="468" y="288" angle="250.0"/>
    </Experiment>
    <Experiment version="v31" score="-0.11313838342261029">
        <MissingMinutia x="562" y="360" angle="243.0"/>
    </Experiment>
    <Experiment version="v32" score="-0.10579025468039038">
        <MissingMinutia x="530" y="392" angle="242.0"/>
    </Experiment>
    <Experiment version="v33" score="0.03383446734695994">
        <MissingMinutia x="211" y="460" angle="242.0"/>
    </Experiment>
    <Experiment version="v34" score="-0.009421014121680393">
        <MissingMinutia x="256" y="470" angle="240.0"/>
    </Experiment>
    <Experiment version="v35" score="-0.03632608954437977">
        <MissingMinutia x="543" y="279" angle="239.0"/>
    </Experiment>
    <Experiment version="v36" score="0.11465422513338996">
        <MissingMinutia x="234" y="510" angle="231.0"/>
    </Experiment>
    <Experiment version="v37" score="-0.08647931041855994">
        <MissingMinutia x="325" y="443" angle="234.0"/>
    </Experiment>
    <Experiment version="v38" score="-0.024996088591049848">
        <MissingMinutia x="510" y="447" angle="231.0"/>
    </Experiment>
    <Experiment version="v39" score="0.02902031038334041">
        <MissingMinutia x="584" y="208" angle="234.0"/>
    </Experiment>
    <Experiment version="v40" score="0.029704132371159986">
        <MissingMinutia x="268" y="494" angle="222.0"/>
    </Experiment>
    <Experiment version="v41" score="0.05252551403710992">
        <MissingMinutia x="261" y="504" angle="222.0"/>
    </Experiment>
    <Experiment version="v42" score="0.0775201409075299">
        <MissingMinutia x="296" y="493" angle="222.0"/>
    </Experiment>
    <Experiment version="v43" score="-0.008992479343859827">
        <MissingMinutia x="500" y="195" angle="217.0"/>
    </Experiment>
    <Experiment version="v44" score="-0.11503660038899">
        <MissingMinutia x="368" y="410" angle="214.0"/>
    </Experiment>
    <Experiment version="v45" score="0.0471270454527799">
        <MissingMinutia x="332" y="478" angle="210.0"/>
    </Experiment>
    <Experiment version="v46" score="0.1353363933058498">
        <MissingMinutia x="218" y="501" angle="209.0"/>
    </Experiment>
    <Experiment version="v47" score="-0.09501043595305969">
        <MissingMinutia x="581" y="454" angle="204.0"/>
    </Experiment>
    <Experiment version="v48" score="0.031746928688329845">
        <MissingMinutia x="309" y="514" angle="194.0"/>
    </Experiment>
    <Experiment version="v49" score="-0.2443915366278402">
        <MissingMinutia x="553" y="489" angle="188.0"/>
    </Experiment>
    <Experiment version="v50" score="0.1560629313927704">
        <MissingMinutia x="439" y="578" angle="182.0"/>
    </Experiment>
    <Experiment version="v51" score="0.01671423140189976">
        <MissingMinutia x="370" y="270" angle="185.0"/>
    </Experiment>
    <Experiment version="v52" score="0.02156460552819972">
        <MissingMinutia x="377" y="218" angle="183.0"/>
    </Experiment>
    <Experiment version="v53" score="0.04012370498247009">
        <MissingMinutia x="345" y="183" angle="169.0"/>
    </Experiment>
    <Experiment version="v54" score="-0.10331664374861038">
        <MissingMinutia x="440" y="550" angle="169.0"/>
    </Experiment>
    <Experiment version="v55" score="-0.3070375947041697">
        <MissingMinutia x="486" y="489" angle="165.0"/>
    </Experiment>
    <Experiment version="v56" score="0.16190792548021005">
        <MissingMinutia x="500" y="446" angle="165.0"/>
    </Experiment>
    <Experiment version="v57" score="-0.17560866201736047">
        <MissingMinutia x="391" y="408" angle="158.0"/>
    </Experiment>
    <Experiment version="v58" score="-0.1606030014545201">
        <MissingMinutia x="410" y="374" angle="137.0"/>
    </Experiment>
    <Experiment version="v59" score="-0.30139923215331965">
        <MissingMinutia x="430" y="411" angle="138.0"/>
    </Experiment>
    <Experiment version="v60" score="-0.09299481123457998">
        <MissingMinutia x="479" y="426" angle="113.0"/>
    </Experiment>
    <Experiment version="v61" score="-0.07024005329804961">
        <MissingMinutia x="426" y="354" angle="117.0"/>
    </Experiment>
    <Experiment version="v62" score="-0.17333766481173996">
        <MissingMinutia x="420" y="314" angle="110.0"/>
    </Experiment>
    <Experiment version="v63" score="-0.020083729673729955">
        <MissingMinutia x="340" y="289" angle="103.0"/>
    </Experiment>
    <Experiment version="v64" score="-0.21441913022836978">
        <MissingMinutia x="476" y="404" angle="106.0"/>
    </Experiment>
    <Experiment version="v65" score="-0.029684140702779693">
        <MissingMinutia x="322" y="298" angle="103.0"/>
    </Experiment>
    <Experiment version="v66" score="-0.14863108832112992">
        <MissingMinutia x="437" y="311" angle="96.0"/>
    </Experiment>
    <Experiment version="v67" score="-0.15883691357261043">
        <MissingMinutia x="449" y="357" angle="99.0"/>
    </Experiment>
</MinutiaeScore>
